frame,position,pot,age,diversity,genotype,old_genotype,location,depth_seed,depth_roots,layer_width,biomass,sieve_location,sieved_by,notes
2,14,1,ancestral,poly,NA,NA,NA,NA,0,5,3.235,nd,MLV,
2,14,1,ancestral,poly,NA,NA,NA,NA,5,5,1.2005,nd,MLV,
2,14,1,ancestral,poly,NA,NA,NA,NA,10,5,0.9449,nd,MLV,
2,14,1,ancestral,poly,NA,NA,NA,NA,15,5,0.6002,nd,MLV,
2,14,1,ancestral,poly,NA,NA,NA,NA,20,5,0.2254,nd,MLV,
2,14,1,ancestral,poly,NA,NA,NA,NA,25,5,0.155,nd,MLV,
2,14,1,ancestral,poly,NA,NA,NA,NA,30,5,0.1451,nd,MLV,
2,14,1,ancestral,poly,NA,NA,NA,NA,35,5,0.0799,nd,MLV,
2,14,1,ancestral,poly,NA,NA,NA,NA,40,5,0.055,nd,MLV,
2,14,1,ancestral,poly,NA,NA,NA,NA,45,5,0.0527,nd,MLV,
2,14,1,ancestral,poly,NA,NA,NA,NA,50,5,0.0303,nd,MLV,
1,16,2,ancestral,poly,NA,NA,NA,NA,0,5,1.8893,nd,BB,
1,16,2,ancestral,poly,NA,NA,NA,NA,5,5,1.0285,nd,CP,
1,16,2,ancestral,poly,NA,NA,NA,NA,10,5,0.8994,nd,BB,
1,16,2,ancestral,poly,NA,NA,NA,NA,15,5,0.4127,nd,CP,
1,16,2,ancestral,poly,NA,NA,NA,NA,20,5,0.1572,nd,CP,
1,16,2,ancestral,poly,NA,NA,NA,NA,25,5,0.1496,nd,CP,
1,16,2,ancestral,poly,NA,NA,NA,NA,30,5,0.1764,nd,BB,
1,16,2,ancestral,poly,NA,NA,NA,NA,35,5,0.0811,nd,BB,
1,16,2,ancestral,poly,NA,NA,NA,NA,40,5,0.0471,nd,BB,
1,16,2,ancestral,poly,NA,NA,NA,NA,45,5,0.0285,nd,CP,
1,8,3,ancestral,poly,NA,NA,NA,NA,0,5,3.1129,nd,MLV,
1,8,3,ancestral,poly,NA,NA,NA,NA,5,5,2.0413,nd,MLV,
1,8,3,ancestral,poly,NA,NA,NA,NA,10,5,1.1487,nd,MLV,
1,8,3,ancestral,poly,NA,NA,NA,NA,15,5,0.3522,nd,MLV,
1,8,3,ancestral,poly,NA,NA,NA,NA,20,5,0.171,nd,MLV,
1,8,3,ancestral,poly,NA,NA,NA,NA,25,5,0.2401,nd,MLV,
1,8,3,ancestral,poly,NA,NA,NA,NA,30,5,0.1565,nd,MLV,
1,8,3,ancestral,poly,NA,NA,NA,NA,35,5,0.0827,nd,MLV,
1,8,3,ancestral,poly,NA,NA,NA,NA,40,5,0.072,nd,MLV,
1,8,3,ancestral,poly,NA,NA,NA,NA,45,5,0.0588,nd,MLV,
1,8,3,ancestral,poly,NA,NA,NA,NA,50,7.5,0.0839,nd,MLV,
2,3,4,ancestral,poly,NA,NA,NA,NA,0,5,2.6519,nd,EA,
2,3,4,ancestral,poly,NA,NA,NA,NA,5,5,1.7432,nd,MLV,
2,3,4,ancestral,poly,NA,NA,NA,NA,10,5,1.0235,nd,MLV,
2,3,4,ancestral,poly,NA,NA,NA,NA,15,5,0.6414,nd,MLV,
2,3,4,ancestral,poly,NA,NA,NA,NA,20,5,0.2024,nd,MLV,
2,3,4,ancestral,poly,NA,NA,NA,NA,25,5,0.1711,,,
2,3,4,ancestral,poly,NA,NA,NA,NA,30,5,0.0795,,,
2,3,4,ancestral,poly,NA,NA,NA,NA,35,5,0.0705,nd,MLV,
2,3,4,ancestral,poly,NA,NA,NA,NA,40,5,0.0506,,,
2,3,4,ancestral,poly,NA,NA,NA,NA,45,5,0.0227,,,
2,3,4,ancestral,poly,NA,NA,NA,NA,50,7.5,0.0402,nd,MLV,
3,23,5,ancestral,poly,NA,NA,NA,NA,0,5,2.9129,nd,MLV,
3,23,5,ancestral,poly,NA,NA,NA,NA,5,5,1.4692,nd,MLV,
3,23,5,ancestral,poly,NA,NA,NA,NA,10,5,0.7838,nd,EA,
3,23,5,ancestral,poly,NA,NA,NA,NA,15,5,0.425,nd,MLV,
3,23,5,ancestral,poly,NA,NA,NA,NA,20,5,0.1628,nd,EA,
3,23,5,ancestral,poly,NA,NA,NA,NA,25,5,0.1187,nd,LO,
3,23,5,ancestral,poly,NA,NA,NA,NA,30,5,0.0865,nd,EA,
3,23,5,ancestral,poly,NA,NA,NA,NA,35,5,0.073,nd,LO,
3,23,5,ancestral,poly,NA,NA,NA,NA,40,5,0.0512,nd,EA,
3,23,5,ancestral,poly,NA,NA,NA,NA,45,5,0.0249,nd,LO,
3,23,5,ancestral,poly,NA,NA,NA,NA,50,6.5,0.0268,nd,LO,
3,8,6,ancestral,poly,NA,NA,NA,NA,0,5,2.8874,,,
3,8,6,ancestral,poly,NA,NA,NA,NA,5,5,1.8885,,,
3,8,6,ancestral,poly,NA,NA,NA,NA,10,5,1.5498,,,
3,8,6,ancestral,poly,NA,NA,NA,NA,15,5,0.4059,nd,MLV,
3,8,6,ancestral,poly,NA,NA,NA,NA,20,5,0.2343,nd,MLV,
3,8,6,ancestral,poly,NA,NA,NA,NA,25,5,0.1587,nd,MLV,
3,8,6,ancestral,poly,NA,NA,NA,NA,30,5,0.123,nd,MLV,
3,8,6,ancestral,poly,NA,NA,NA,NA,35,5,0.0852,nd,MLV,
3,8,6,ancestral,poly,NA,NA,NA,NA,40,5,0.0715,nd,MLV,
3,8,6,ancestral,poly,NA,NA,NA,NA,45,5,0.0575,,,
3,8,6,ancestral,poly,NA,NA,NA,NA,50,8,0.0798,,,
4,14,7,ancestral,poly,NA,NA,NA,NA,0,5,3.7098,nd,LO,
4,14,7,ancestral,poly,NA,NA,NA,NA,5,5,2.2619,nd,LO,
4,14,7,ancestral,poly,NA,NA,NA,NA,10,5,0.8722,nd,MLV,
4,14,7,ancestral,poly,NA,NA,NA,NA,15,5,0.4543,nd,MLV,
4,14,7,ancestral,poly,NA,NA,NA,NA,20,5,0.2376,nd,MLV,
4,14,7,ancestral,poly,NA,NA,NA,NA,25,5,0.1929,nd,MLV,
4,14,7,ancestral,poly,NA,NA,NA,NA,30,5,0.1357,nd,MLV,
4,14,7,ancestral,poly,NA,NA,NA,NA,35,5,0.1048,nd,MLV,
4,14,7,ancestral,poly,NA,NA,NA,NA,40,5,0.0625,nd,MLV,
4,14,7,ancestral,poly,NA,NA,NA,NA,45,5,0.0382,nd,LO,
4,14,7,ancestral,poly,NA,NA,NA,NA,50,8,0.049,nd,LO,
2,12,8,ancestral,poly,NA,NA,NA,NA,0,5,1.9763,nd,MLV,
2,12,8,ancestral,poly,NA,NA,NA,NA,5,5,1.4094,nd,MLV,
2,12,8,ancestral,poly,NA,NA,NA,NA,10,5,1.1774,nd,MLV,
2,12,8,ancestral,poly,NA,NA,NA,NA,15,5,0.5189,nd,MLV,
2,12,8,ancestral,poly,NA,NA,NA,NA,20,5,0.1764,nd,MLV,
2,12,8,ancestral,poly,NA,NA,NA,NA,25,5,0.1044,nd,MLV,
2,12,8,ancestral,poly,NA,NA,NA,NA,30,5,0.0822,nd,MLV,
2,12,8,ancestral,poly,NA,NA,NA,NA,35,5,0.0766,nd,MLV,
2,12,8,ancestral,poly,NA,NA,NA,NA,40,5,0.0271,nd,MLV,
2,12,8,ancestral,poly,NA,NA,NA,NA,45,5,0.0372,nd,MLV,
2,12,8,ancestral,poly,NA,NA,NA,NA,50,7,0.0464,nd,MLV,
1,6,10,ancestral,poly,NA,NA,NA,NA,0,5,1.5336,nd,MLV,
1,6,10,ancestral,poly,NA,NA,NA,NA,5,5,1.2753,nd,MLV,
1,6,10,ancestral,poly,NA,NA,NA,NA,10,5,0.5061,nd,MLV,
1,6,10,ancestral,poly,NA,NA,NA,NA,15,5,0.2723,nd,MLV,
1,6,10,ancestral,poly,NA,NA,NA,NA,20,5,0.1575,nd,MLV,
1,6,10,ancestral,poly,NA,NA,NA,NA,25,5,0.1075,nd,MLV,
1,6,10,ancestral,poly,NA,NA,NA,NA,30,5,0.0827,nd,MLV,
1,6,10,ancestral,poly,NA,NA,NA,NA,35,5,0.0647,nd,MLV,
1,6,10,ancestral,poly,NA,NA,NA,NA,40,5,0.0477,nd,MLV,
1,6,10,ancestral,poly,NA,NA,NA,NA,45,5,0.0335,nd,MLV,
1,6,10,ancestral,poly,NA,NA,NA,NA,50,7,0.0118,nd,MLV,
2,23,11,ancestral,poly,NA,NA,NA,NA,0,5,2.5299,nd,MLV,
2,23,11,ancestral,poly,NA,NA,NA,NA,5,5,2.0873,nd,MLV,
2,23,11,ancestral,poly,NA,NA,NA,NA,10,5,0.7443,nd,MLV,
2,23,11,ancestral,poly,NA,NA,NA,NA,15,5,0.4952,nd,MLV,
2,23,11,ancestral,poly,NA,NA,NA,NA,20,5,0.2243,nd,MLV,
2,23,11,ancestral,poly,NA,NA,NA,NA,25,5,0.1539,nd,MLV,
2,23,11,ancestral,poly,NA,NA,NA,NA,30,5,0.1165,nd,MLV,
2,23,11,ancestral,poly,NA,NA,NA,NA,35,5,0.0867,nd,MLV,
2,23,11,ancestral,poly,NA,NA,NA,NA,40,5,0.0525,nd,MLV,
2,23,11,ancestral,poly,NA,NA,NA,NA,45,5,0.0385,nd,MLV,
2,23,11,ancestral,poly,NA,NA,NA,NA,50,4,0.044,nd,MLV,
4,6,12,ancestral,poly,NA,NA,NA,NA,0,5,2.2404,nd,MLV,
4,6,12,ancestral,poly,NA,NA,NA,NA,5,5,1.8635,nd,MLV,
4,6,12,ancestral,poly,NA,NA,NA,NA,10,5,0.6945,nd,LO,
4,6,12,ancestral,poly,NA,NA,NA,NA,15,5,0.3999,nd,MLV,
4,6,12,ancestral,poly,NA,NA,NA,NA,20,5,0.1944,nd,MLV,
4,6,12,ancestral,poly,NA,NA,NA,NA,25,5,0.1876,nd,MLV,
4,6,12,ancestral,poly,NA,NA,NA,NA,30,5,0.0967,nd,MLV,
4,6,12,ancestral,poly,NA,NA,NA,NA,35,5,0.0452,nd,LO,
4,6,12,ancestral,poly,NA,NA,NA,NA,40,5,0.0314,nd,LO,
4,6,12,ancestral,poly,NA,NA,NA,NA,45,5,0.0454,nd,LO,
4,6,12,ancestral,poly,NA,NA,NA,NA,50,7,0.0435,nd,MLV,
4,9,13,ancestral,poly,NA,NA,NA,NA,0,5,2.4048,nd,MLV,
4,9,13,ancestral,poly,NA,NA,NA,NA,5,5,1.7587,nd,MLV,
4,9,13,ancestral,poly,NA,NA,NA,NA,10,5,0.5944,nd,MLV,
4,9,13,ancestral,poly,NA,NA,NA,NA,15,5,0.3244,nd,MLV,
4,9,13,ancestral,poly,NA,NA,NA,NA,20,5,0.1717,nd,MLV,
4,9,13,ancestral,poly,NA,NA,NA,NA,25,5,0.1171,nd,MLV,
4,9,13,ancestral,poly,NA,NA,NA,NA,30,5,0.1061,nd,MLV,
4,9,13,ancestral,poly,NA,NA,NA,NA,35,5,0.0686,nd,MLV,
4,9,13,ancestral,poly,NA,NA,NA,NA,40,5,0.0525,nd,MLV,
4,9,13,ancestral,poly,NA,NA,NA,NA,45,5,0.0311,nd,MLV,
4,9,13,ancestral,poly,NA,NA,NA,NA,50,7,0.0349,nd,MLV,
4,24,14,ancestral,poly,NA,NA,NA,NA,0,5,3.9212,nd,MLV,
4,24,14,ancestral,poly,NA,NA,NA,NA,5,5,1.8481,nd,MLV,
4,24,14,ancestral,poly,NA,NA,NA,NA,10,5,0.7905,nd,MLV,
4,24,14,ancestral,poly,NA,NA,NA,NA,15,5,0.3258,nd,LO,
4,24,14,ancestral,poly,NA,NA,NA,NA,20,5,0.234,nd,MLV,
4,24,14,ancestral,poly,NA,NA,NA,NA,25,5,0.0893,nd,LO,
4,24,14,ancestral,poly,NA,NA,NA,NA,30,5,0.0893,nd,LO,
4,24,14,ancestral,poly,NA,NA,NA,NA,35,5,0.0639,nd,LO,
4,24,14,ancestral,poly,NA,NA,NA,NA,40,5,0.0327,nd,LO,
4,24,14,ancestral,poly,NA,NA,NA,NA,45,5,0.0263,nd,MLV,
4,24,14,ancestral,poly,NA,NA,NA,NA,50,6,0.0394,nd,MLV,
2,16,15,ancestral,poly,NA,NA,NA,NA,0,5,2.5924,nd,LO,
2,16,15,ancestral,poly,NA,NA,NA,NA,5,5,1.7231,nd,MLV,
2,16,15,ancestral,poly,NA,NA,NA,NA,10,5,1.0209,nd,LO,
2,16,15,ancestral,poly,NA,NA,NA,NA,15,5,0.3861,nd,MLV,
2,16,15,ancestral,poly,NA,NA,NA,NA,20,5,0.2168,nd,MLV,
2,16,15,ancestral,poly,NA,NA,NA,NA,25,5,0.1477,nd,LO,
2,16,15,ancestral,poly,NA,NA,NA,NA,30,5,0.1533,nd,MLV,
2,16,15,ancestral,poly,NA,NA,NA,NA,35,5,0.0837,nd,MLV,
2,16,15,ancestral,poly,NA,NA,NA,NA,40,5,0.0576,nd,LO,
2,16,15,ancestral,poly,NA,NA,NA,NA,45,5,0.0537,nd,LO,
2,16,15,ancestral,poly,NA,NA,NA,NA,50,6.5,0.0585,nd,MLV,
1,23,16,ancestral,poly,NA,NA,NA,NA,0,5,4.4388,nd,BB,
1,23,16,ancestral,poly,NA,NA,NA,NA,5,5,1.0996,nd,not_recorded,
1,23,16,ancestral,poly,NA,NA,NA,NA,10,5,0.7445,nd,AA,
1,23,16,ancestral,poly,NA,NA,NA,NA,15,5,0.4197,nd,LO,
1,23,16,ancestral,poly,NA,NA,NA,NA,20,5,0.1655,nd,LO,
1,23,16,ancestral,poly,NA,NA,NA,NA,25,5,0.1085,nd,LO,
1,23,16,ancestral,poly,NA,NA,NA,NA,30,5,0.0991,nd,LO,
1,23,16,ancestral,poly,NA,NA,NA,NA,35,5,0.0604,nd,AA,
1,23,16,ancestral,poly,NA,NA,NA,NA,40,5,0.0592,nd,LO,
1,23,16,ancestral,poly,NA,NA,NA,NA,45,5,0.0255,nd,LO,
1,23,16,ancestral,poly,NA,NA,NA,NA,50,,0.0345,nd,LO,missing core length
4,12,17,ancestral,poly,NA,NA,NA,NA,0,5,3.0997,nd,BB,
4,12,17,ancestral,poly,NA,NA,NA,NA,5,5,1.8189,nd,AA,
4,12,17,ancestral,poly,NA,NA,NA,NA,10,5,0.6358,nd,BB,
4,12,17,ancestral,poly,NA,NA,NA,NA,15,5,0.2365,nd,AA,
4,12,17,ancestral,poly,NA,NA,NA,NA,20,5,0.1666,nd,AA,
4,12,17,ancestral,poly,NA,NA,NA,NA,25,5,0.0817,nd,LO,
4,12,17,ancestral,poly,NA,NA,NA,NA,30,5,0.0832,nd,AA,
4,12,17,ancestral,poly,NA,NA,NA,NA,35,5,0.0562,nd,AA,
4,12,17,ancestral,poly,NA,NA,NA,NA,40,5,0.0476,nd,AA,
4,12,17,ancestral,poly,NA,NA,NA,NA,45,5,0.0225,nd,LO,
4,12,17,ancestral,poly,NA,NA,NA,NA,50,7,0.0212,nd,AA,
4,16,18,ancestral,poly,NA,NA,NA,NA,0,5,2.1436,nd,MLV,
4,16,18,ancestral,poly,NA,NA,NA,NA,5,5,2.1788,nd,LO,
4,16,18,ancestral,poly,NA,NA,NA,NA,10,5,0.9133,nd,MLV,
4,16,18,ancestral,poly,NA,NA,NA,NA,15,5,0.6514,nd,EA,
4,16,18,ancestral,poly,NA,NA,NA,NA,20,5,0.2274,nd,EA,
4,16,18,ancestral,poly,NA,NA,NA,NA,25,5,0.1788,nd,EA,
4,16,18,ancestral,poly,NA,NA,NA,NA,30,5,0.1107,nd,EA,
4,16,18,ancestral,poly,NA,NA,NA,NA,35,5,0.0634,nd,LO,
4,16,18,ancestral,poly,NA,NA,NA,NA,40,5,0.0501,nd,LO,
4,16,18,ancestral,poly,NA,NA,NA,NA,45,5,0.054,nd,LO,
4,16,18,ancestral,poly,NA,NA,NA,NA,50,6.5,0.0681,nd,MLV,
3,9,19,modern,poly,NA,NA,NA,NA,0,5,2.0486,nd,MLV,
3,9,19,modern,poly,NA,NA,NA,NA,5,5,1.4662,nd,MLV,
3,9,19,modern,poly,NA,NA,NA,NA,10,5,0.7399,nd,MLV,
3,9,19,modern,poly,NA,NA,NA,NA,15,5,0.3677,nd,MLV,
3,9,19,modern,poly,NA,NA,NA,NA,20,5,0.1967,nd,MLV,
3,9,19,modern,poly,NA,NA,NA,NA,25,5,0.1267,nd,MLV,
3,9,19,modern,poly,NA,NA,NA,NA,30,5,0.0955,nd,MLV,
3,9,19,modern,poly,NA,NA,NA,NA,35,5,0.0662,nd,MLV,
3,9,19,modern,poly,NA,NA,NA,NA,40,5,0.0545,nd,MLV,
3,9,19,modern,poly,NA,NA,NA,NA,45,5,0.0457,nd,MLV,
3,9,19,modern,poly,NA,NA,NA,NA,50,6,0.0244,nd,MLV,
4,2,20,modern,poly,NA,NA,NA,NA,0,5,2.7433,nd,BB,stem pieces recovered after sieving
4,2,20,modern,poly,NA,NA,NA,NA,5,5,2.0694,nd,MLV,left in fridge
4,2,20,modern,poly,NA,NA,NA,NA,10,5,0.8015,nd,MLV,
4,2,20,modern,poly,NA,NA,NA,NA,15,5,0.3539,nd,MLV,left in fridge
4,2,20,modern,poly,NA,NA,NA,NA,20,5,0.1349,nd,,
4,2,20,modern,poly,NA,NA,NA,NA,25,5,0.1075,nd,MLV,left in fridge
4,2,20,modern,poly,NA,NA,NA,NA,30,5,0.0872,nd,LO,
4,2,20,modern,poly,NA,NA,NA,NA,35,5,0.0763,nd,LO,
4,2,20,modern,poly,NA,NA,NA,NA,40,5,0.0599,nd,MLV,
4,2,20,modern,poly,NA,NA,NA,NA,45,5,0.0379,nd,MLV,
4,2,20,modern,poly,NA,NA,NA,NA,50,9,0.0755,nd,,
3,12,21,modern,poly,NA,NA,NA,NA,0,5,2.5152,nd,MLV,
3,12,21,modern,poly,NA,NA,NA,NA,5,5,0.8218,nd,MLV,
3,12,21,modern,poly,NA,NA,NA,NA,10,5,0.3302,nd,MLV,
3,12,21,modern,poly,NA,NA,NA,NA,15,5,0.1771,nd,MLV,
3,12,21,modern,poly,NA,NA,NA,NA,20,5,0.1105,nd,MLV,
3,12,21,modern,poly,NA,NA,NA,NA,25,5,0.0945,nd,MLV,
3,12,21,modern,poly,NA,NA,NA,NA,30,5,0.0541,nd,MLV,
3,12,21,modern,poly,NA,NA,NA,NA,35,5,0.0346,nd,MLV,
3,12,21,modern,poly,NA,NA,NA,NA,40,5,0.0266,nd,MLV,
3,12,21,modern,poly,NA,NA,NA,NA,45,5,0.0173,nd,MLV,
3,12,21,modern,poly,NA,NA,NA,NA,50,6.5,0.0095,nd,MLV,
4,5,22,modern,poly,NA,NA,NA,NA,0,5,2.7626,nd,AA,
4,5,22,modern,poly,NA,NA,NA,NA,5,5,1.4104,nd,AA,
4,5,22,modern,poly,NA,NA,NA,NA,10,5,0.5648,nd,AA,
4,5,22,modern,poly,NA,NA,NA,NA,15,5,0.1964,nd,AA,
4,5,22,modern,poly,NA,NA,NA,NA,20,5,0.1267,nd,AA,
4,5,22,modern,poly,NA,NA,NA,NA,25,5,0.1192,nd,BB,
4,5,22,modern,poly,NA,NA,NA,NA,30,5,0.0995,nd,BB,
4,5,22,modern,poly,NA,NA,NA,NA,35,5,0.0763,nd,not_recorded,
4,5,22,modern,poly,NA,NA,NA,NA,40,5,0.0257,nd,not_recorded,
4,5,22,modern,poly,NA,NA,NA,NA,45,5,0.0213,nd,MLV,
4,5,22,modern,poly,NA,NA,NA,NA,50,5,0.0456,nd,not_recorded,
1,13,23,modern,poly,NA,NA,NA,NA,0,5,2.7719,nd,MLV,
1,13,23,modern,poly,NA,NA,NA,NA,5,5,1.033,nd,EA,
1,13,23,modern,poly,NA,NA,NA,NA,10,5,0.5197,nd,MLV,
1,13,23,modern,poly,NA,NA,NA,NA,15,5,0.3465,nd,MLV,
1,13,23,modern,poly,NA,NA,NA,NA,20,5,0.1499,nd,MLV,
1,13,23,modern,poly,NA,NA,NA,NA,25,5,0.1477,nd,MLV,
1,13,23,modern,poly,NA,NA,NA,NA,30,5,0.0763,nd,MLV,
1,13,23,modern,poly,NA,NA,NA,NA,35,5,0.0368,nd,MLV,
1,13,23,modern,poly,NA,NA,NA,NA,40,5,0.0447,nd,MLV,
1,13,23,modern,poly,NA,NA,NA,NA,45,5,0.0284,nd,MLV,
1,13,23,modern,poly,NA,NA,NA,NA,50,8.5,0.0159,nd,MLV,
1,11,24,modern,poly,NA,NA,NA,NA,0,5,1.4536,serc,MLV,
1,11,24,modern,poly,NA,NA,NA,NA,5,5,0.9276,serc,MLV,
1,11,24,modern,poly,NA,NA,NA,NA,10,5,0.4062,serc,MLV,
1,11,24,modern,poly,NA,NA,NA,NA,15,5,0.2611,serc,JLS,
1,11,24,modern,poly,NA,NA,NA,NA,20,5,0.1489,serc,JLS,
1,11,24,modern,poly,NA,NA,NA,NA,25,5,0.0468,serc,MLV,
1,11,24,modern,poly,NA,NA,NA,NA,30,5,0.052,serc,MLV,
1,11,24,modern,poly,NA,NA,NA,NA,35,5,0.0328,serc,JLS,
1,11,24,modern,poly,NA,NA,NA,NA,40,5,0.0273,serc,MLV,
1,11,24,modern,poly,NA,NA,NA,NA,45,5,0.019,serc,JLS,
1,11,24,modern,poly,NA,NA,NA,NA,50,,0.0135,serc,JLS,missing core length
2,9,25,modern,poly,NA,NA,NA,NA,0,5,2.4007,nd,LO,
2,9,25,modern,poly,NA,NA,NA,NA,5,5,1.2741,nd,MLV,
2,9,25,modern,poly,NA,NA,NA,NA,10,5,0.7877,nd,LO,
2,9,25,modern,poly,NA,NA,NA,NA,15,5,0.4223,nd,AA,
2,9,25,modern,poly,NA,NA,NA,NA,20,5,0.1466,nd,AA,
2,9,25,modern,poly,NA,NA,NA,NA,25,5,0.1246,nd,AA,
2,9,25,modern,poly,NA,NA,NA,NA,30,5,0.0722,nd,AA,
2,9,25,modern,poly,NA,NA,NA,NA,35,5,0.0439,nd,MLV,
2,9,25,modern,poly,NA,NA,NA,NA,40,5,0.0495,nd,AA,
2,9,25,modern,poly,NA,NA,NA,NA,45,5,0.0208,nd,MLV,
2,9,25,modern,poly,NA,NA,NA,NA,50,6.5,0.0121,nd,LO,
4,21,26,modern,poly,NA,NA,NA,NA,0,5,3.8567,nd,MLV,
4,21,26,modern,poly,NA,NA,NA,NA,5,5,2.9868,nd,MLV,
4,21,26,modern,poly,NA,NA,NA,NA,10,5,1.0851,nd,MLV,
4,21,26,modern,poly,NA,NA,NA,NA,15,5,0.5873,nd,MLV,
4,21,26,modern,poly,NA,NA,NA,NA,20,5,0.3182,nd,MLV,
4,21,26,modern,poly,NA,NA,NA,NA,25,5,0.2643,nd,MLV,
4,21,26,modern,poly,NA,NA,NA,NA,30,5,0.1719,nd,MLV,
4,21,26,modern,poly,NA,NA,NA,NA,35,5,0.1215,nd,MLV,
4,21,26,modern,poly,NA,NA,NA,NA,40,5,0.0728,nd,MLV,
4,21,26,modern,poly,NA,NA,NA,NA,45,5,0.0621,nd,MLV,
4,21,26,modern,poly,NA,NA,NA,NA,50,7.5,0.0783,nd,MLV,
2,2,27,modern,poly,NA,NA,NA,NA,0,5,3.954,nd,MLV,
2,2,27,modern,poly,NA,NA,NA,NA,5,5,1.8526,nd,MLV,
2,2,27,modern,poly,NA,NA,NA,NA,10,5,0.943,nd,MLV,
2,2,27,modern,poly,NA,NA,NA,NA,15,5,0.3919,nd,MLV,
2,2,27,modern,poly,NA,NA,NA,NA,20,5,0.2558,nd,MLV,
2,2,27,modern,poly,NA,NA,NA,NA,25,5,0.2002,nd,MLV,
2,2,27,modern,poly,NA,NA,NA,NA,30,5,0.1283,nd,MLV,
2,2,27,modern,poly,NA,NA,NA,NA,35,5,0.1209,nd,MLV,
2,2,27,modern,poly,NA,NA,NA,NA,40,5,0.0859,nd,MLV,
2,2,27,modern,poly,NA,NA,NA,NA,45,5,0.082,nd,MLV,
2,2,27,modern,poly,NA,NA,NA,NA,50,8,0.0408,nd,MLV,
1,4,28,modern,poly,NA,NA,NA,NA,0,5,3.2318,nd,MLV,
1,4,28,modern,poly,NA,NA,NA,NA,5,5,1.6985,nd,MLV,
1,4,28,modern,poly,NA,NA,NA,NA,10,5,0.8863,nd,MLV,
1,4,28,modern,poly,NA,NA,NA,NA,15,5,0.3682,nd,MLV,
1,4,28,modern,poly,NA,NA,NA,NA,20,5,0.1993,nd,MLV,
1,4,28,modern,poly,NA,NA,NA,NA,25,5,0.1185,nd,MLV,
1,4,28,modern,poly,NA,NA,NA,NA,30,5,0.0888,nd,MLV,
1,4,28,modern,poly,NA,NA,NA,NA,35,5,0.1127,nd,MLV,
1,4,28,modern,poly,NA,NA,NA,NA,40,5,0.0603,nd,MLV,
1,4,28,modern,poly,NA,NA,NA,NA,45,5,0.032,nd,MLV,
1,4,28,modern,poly,NA,NA,NA,NA,50,6,0.0253,nd,MLV,
3,13,29,modern,poly,NA,NA,NA,NA,0,5,2.4959,nd,MLV,
3,13,29,modern,poly,NA,NA,NA,NA,5,5,1.1868,nd,MLV,
3,13,29,modern,poly,NA,NA,NA,NA,10,5,0.7559,nd,MLV,
3,13,29,modern,poly,NA,NA,NA,NA,15,5,0.5201,nd,MLV,
3,13,29,modern,poly,NA,NA,NA,NA,20,5,0.1482,nd,MLV,
3,13,29,modern,poly,NA,NA,NA,NA,25,5,0.1135,nd,MLV,
3,13,29,modern,poly,NA,NA,NA,NA,30,5,0.0852,nd,MLV,
3,13,29,modern,poly,NA,NA,NA,NA,35,5,0.0512,nd,MLV,
3,13,29,modern,poly,NA,NA,NA,NA,40,5,0.0452,nd,MLV,
3,13,29,modern,poly,NA,NA,NA,NA,45,5,0.0318,nd,MLV,
3,13,29,modern,poly,NA,NA,NA,NA,50,6,0.0174,nd,MLV,
2,6,30,modern,poly,NA,NA,NA,NA,0,5,2.3622,nd,LO,
2,6,30,modern,poly,NA,NA,NA,NA,5,5,1.6354,nd,not_recorded,
2,6,30,modern,poly,NA,NA,NA,NA,10,5,0.7741,nd,not_recorded,
2,6,30,modern,poly,NA,NA,NA,NA,15,5,0.4049,nd,BB,
2,6,30,modern,poly,NA,NA,NA,NA,20,5,0.1336,nd,AA,
2,6,30,modern,poly,NA,NA,NA,NA,25,5,0.1126,nd,AA,
2,6,30,modern,poly,NA,NA,NA,NA,30,5,0.0614,nd,LO,
2,6,30,modern,poly,NA,NA,NA,NA,35,5,0.0545,nd,not_recorded,
2,6,30,modern,poly,NA,NA,NA,NA,40,5,0.0443,nd,AA,
2,6,30,modern,poly,NA,NA,NA,NA,45,5,0.0359,nd,not_recorded,
2,6,30,modern,poly,NA,NA,NA,NA,50,8,0.0169,nd,not_recorded,
3,16,31,mix,poly,NA,NA,NA,NA,0,5,3.5257,nd,MLV,
3,16,31,mix,poly,NA,NA,NA,NA,5,5,0.0971,nd,MLV,
3,16,31,mix,poly,NA,NA,NA,NA,10,5,0.3786,nd,MLV,
3,16,31,mix,poly,NA,NA,NA,NA,15,5,0.2318,nd,MLV,
3,16,31,mix,poly,NA,NA,NA,NA,20,5,0.1878,nd,MLV,
3,16,31,mix,poly,NA,NA,NA,NA,25,5,0.1239,nd,MLV,
3,16,31,mix,poly,NA,NA,NA,NA,30,5,0.069,nd,MLV,
3,16,31,mix,poly,NA,NA,NA,NA,35,5,0.0569,nd,MLV,
3,16,31,mix,poly,NA,NA,NA,NA,40,5,0.0349,nd,MLV,
3,16,31,mix,poly,NA,NA,NA,NA,45,5,0.0346,nd,MLV,
3,16,31,mix,poly,NA,NA,NA,NA,50,7,0.0134,nd,MLV,
3,24,32,mix,poly,NA,NA,NA,NA,0,5,1.5022,nd,MLV,
3,24,32,mix,poly,NA,NA,NA,NA,5,5,0.5009,nd,MLV,
3,24,32,mix,poly,NA,NA,NA,NA,10,5,0.2427,nd,MLV,
3,24,32,mix,poly,NA,NA,NA,NA,15,5,0.1863,nd,MLV,
3,24,32,mix,poly,NA,NA,NA,NA,20,5,0.0919,nd,MLV,
3,24,32,mix,poly,NA,NA,NA,NA,25,5,0.0842,nd,MLV,
3,24,32,mix,poly,NA,NA,NA,NA,30,5,0.0384,nd,MLV,
3,24,32,mix,poly,NA,NA,NA,NA,35,5,0.0145,nd,MLV,
3,24,32,mix,poly,NA,NA,NA,NA,40,5,0.008,nd,MLV,
3,24,32,mix,poly,NA,NA,NA,NA,45,5,0,nd,MLV,
3,24,32,mix,poly,NA,NA,NA,NA,50,7,0,nd,MLV,
3,5,33,mix,poly,NA,NA,NA,NA,0,5,4.0047,nd,MLV,
3,5,33,mix,poly,NA,NA,NA,NA,5,5,1.9499,nd,MLV,
3,5,33,mix,poly,NA,NA,NA,NA,10,5,1.0125,nd,MLV,
3,5,33,mix,poly,NA,NA,NA,NA,15,5,0.6013,nd,MLV,
3,5,33,mix,poly,NA,NA,NA,NA,20,5,0.2578,nd,MLV,
3,5,33,mix,poly,NA,NA,NA,NA,25,5,0.1536,nd,MLV,
3,5,33,mix,poly,NA,NA,NA,NA,30,5,0.09,nd,MLV,
3,5,33,mix,poly,NA,NA,NA,NA,35,5,0.0706,nd,MLV,
3,5,33,mix,poly,NA,NA,NA,NA,40,5,0.0712,nd,MLV,
3,5,33,mix,poly,NA,NA,NA,NA,45,5,0.0496,nd,MLV,
3,5,33,mix,poly,NA,NA,NA,NA,50,7.5,0.0282,nd,MLV,
2,18,34,mix,poly,NA,NA,NA,NA,0,5,3.2946,,MLV,
2,18,34,mix,poly,NA,NA,NA,NA,5,5,1.021,,MLV,
2,18,34,mix,poly,NA,NA,NA,NA,10,5,0.6471,,MLV,
2,18,34,mix,poly,NA,NA,NA,NA,15,5,0.3035,,MLV,
2,18,34,mix,poly,NA,NA,NA,NA,20,5,0.2616,,MLV,
2,18,34,mix,poly,NA,NA,NA,NA,25,5,0.1391,,MLV,
2,18,34,mix,poly,NA,NA,NA,NA,30,5,0.0498,,MLV,
2,18,34,mix,poly,NA,NA,NA,NA,35,5,0.0921,,MLV,
2,18,34,mix,poly,NA,NA,NA,NA,40,5,0.0737,,MLV,
2,18,34,mix,poly,NA,NA,NA,NA,45,5,0.0339,,MLV,
2,18,34,mix,poly,NA,NA,NA,NA,50,7,0.0112,,MLV,
1,19,35,mix,poly,NA,NA,NA,NA,0,5,2.2737,nd,LO,
1,19,35,mix,poly,NA,NA,NA,NA,5,5,1.6732,nd,MV,
1,19,35,mix,poly,NA,NA,NA,NA,10,5,0.7305,nd,MLV,
1,19,35,mix,poly,NA,NA,NA,NA,15,5,0.4957,nd,MV,
1,19,35,mix,poly,NA,NA,NA,NA,20,5,0.1768,nd,AA,
1,19,35,mix,poly,NA,NA,NA,NA,25,5,0.1088,nd,MLV,
1,19,35,mix,poly,NA,NA,NA,NA,30,5,0.064,nd,LO,
1,19,35,mix,poly,NA,NA,NA,NA,35,5,0.0854,nd,AA,
1,19,35,mix,poly,NA,NA,NA,NA,40,5,0.0355,nd,LO,
1,19,35,mix,poly,NA,NA,NA,NA,45,5,0.0407,nd,AA,
1,19,35,mix,poly,NA,NA,NA,NA,50,6,0.0416,nd,MLV,
1,20,36,mix,poly,NA,NA,NA,NA,0,5,2.3466,nd,MLV,
1,20,36,mix,poly,NA,NA,NA,NA,5,5,1.5192,nd,MLV,
1,20,36,mix,poly,NA,NA,NA,NA,10,5,0.7332,nd,MLV,
1,20,36,mix,poly,NA,NA,NA,NA,15,5,0.3486,nd,MLV,
1,20,36,mix,poly,NA,NA,NA,NA,20,5,0.1683,nd,MLV,
1,20,36,mix,poly,NA,NA,NA,NA,25,5,0.1381,nd,MLV,
1,20,36,mix,poly,NA,NA,NA,NA,30,5,0.0812,nd,MLV,
1,20,36,mix,poly,NA,NA,NA,NA,35,5,0.0682,nd,MLV,
1,20,36,mix,poly,NA,NA,NA,NA,40,5,0.0468,nd,MLV,
1,20,36,mix,poly,NA,NA,NA,NA,45,5,0.0309,nd,MLV,
1,20,36,mix,poly,NA,NA,NA,NA,50,6,0.0271,nd,MLV,
2,8,37,mix,poly,NA,NA,NA,NA,0,5,3.853,nd,MLV,
2,8,37,mix,poly,NA,NA,NA,NA,5,5,1.9936,nd,BB,
2,8,37,mix,poly,NA,NA,NA,NA,10,5,0.7444,nd,MLV,
2,8,37,mix,poly,NA,NA,NA,NA,15,5,0.3871,nd,BB,
2,8,37,mix,poly,NA,NA,NA,NA,20,5,0.2059,nd,BB,
2,8,37,mix,poly,NA,NA,NA,NA,25,5,0.193,nd,MLV,
2,8,37,mix,poly,NA,NA,NA,NA,30,5,0.1064,nd,MLV,
2,8,37,mix,poly,NA,NA,NA,NA,35,5,0.0977,nd,MLV,
2,8,37,mix,poly,NA,NA,NA,NA,40,5,0.07,nd,MLV,
2,8,37,mix,poly,NA,NA,NA,NA,45,5,0.044,nd,MLV,
2,8,37,mix,poly,NA,NA,NA,NA,50,7,0.0029,nd,MLV,
1,15,38,mix,poly,NA,NA,NA,NA,0,5,2.1935,nd,MLV,
1,15,38,mix,poly,NA,NA,NA,NA,5,5,1.4978,nd,MLV,
1,15,38,mix,poly,NA,NA,NA,NA,10,5,0.6147,nd,MLV,
1,15,38,mix,poly,NA,NA,NA,NA,15,5,0.3507,nd,MLV,
1,15,38,mix,poly,NA,NA,NA,NA,20,5,0.2302,nd,MLV,
1,15,38,mix,poly,NA,NA,NA,NA,25,5,0.1097,nd,MLV,
1,15,38,mix,poly,NA,NA,NA,NA,30,5,0.106,nd,MLV,
1,15,38,mix,poly,NA,NA,NA,NA,35,5,0.057,nd,MLV,
1,15,38,mix,poly,NA,NA,NA,NA,40,5,0.0515,nd,MLV,
1,15,38,mix,poly,NA,NA,NA,NA,45,5,0.0302,nd,MLV,
1,15,38,mix,poly,NA,NA,NA,NA,50,7.5,0.0335,nd,MLV,
4,7,39,mix,poly,NA,NA,NA,NA,0,5,1.2306,serc,MLV,half core 
4,7,39,mix,poly,NA,NA,NA,NA,0,15,3.4495,serc,MLV + HSK,half core; powerwashed
4,7,39,mix,poly,NA,NA,NA,NA,5,5,1.4906,serc,MLV,half core 
4,7,39,mix,poly,NA,NA,NA,NA,10,5,0.3755,serc,MLV,half core 
4,7,39,mix,poly,NA,NA,NA,NA,15,5,0.195,serc,MLV,half core 
4,7,39,mix,poly,NA,NA,NA,NA,15,15,0.4553,serc,MLV + HSK,half core; powerwashed
4,7,39,mix,poly,NA,NA,NA,NA,20,5,0.2356,serc,MLV,half core 
4,7,39,mix,poly,NA,NA,NA,NA,25,5,0.1939,serc,MLV,half core 
4,7,39,mix,poly,NA,NA,NA,NA,30,5,0.0904,serc,MLV,half core 
4,7,39,mix,poly,NA,NA,NA,NA,30,26,0.2965,serc,MLV + HSK,half core; powerwashed
4,7,39,mix,poly,NA,NA,NA,NA,35,5,0.0591,serc,MLV,half core 
4,7,39,mix,poly,NA,NA,NA,NA,40,5,0.0287,serc,MLV,half core 
4,7,39,mix,poly,NA,NA,NA,NA,45,5,0.021,serc,MLV,half core 
4,7,39,mix,poly,NA,NA,NA,NA,50,6,0.0231,serc,MLV,half core 
3,2,40,mix,poly,NA,NA,NA,NA,0,5,1.784,nd,MLV,
3,2,40,mix,poly,NA,NA,NA,NA,5,5,1.1509,nd,MLV,
3,2,40,mix,poly,NA,NA,NA,NA,10,5,0.8573,nd,MLV,
3,2,40,mix,poly,NA,NA,NA,NA,15,5,0.1965,nd,MLV,
3,2,40,mix,poly,NA,NA,NA,NA,20,5,0.1395,nd,MLV,
3,2,40,mix,poly,NA,NA,NA,NA,25,5,0.0912,nd,MLV,
3,2,40,mix,poly,NA,NA,NA,NA,30,5,0.0702,nd,MLV,
3,2,40,mix,poly,NA,NA,NA,NA,35,5,0.0412,nd,MLV,
3,2,40,mix,poly,NA,NA,NA,NA,40,5,0.0328,nd,MLV,
3,2,40,mix,poly,NA,NA,NA,NA,45,5,0.0185,nd,MLV,
3,2,40,mix,poly,NA,NA,NA,NA,50,7.5,0.0117,nd,MLV,
1,2,41,mix,poly,NA,NA,NA,NA,0,5,2.0733,nd,LO,
1,2,41,mix,poly,NA,NA,NA,NA,5,5,0.8164,nd,MLV,
1,2,41,mix,poly,NA,NA,NA,NA,10,5,0.4639,nd,MLV,
1,2,41,mix,poly,NA,NA,NA,NA,15,5,0.2206,nd,MLV,
1,2,41,mix,poly,NA,NA,NA,NA,20,5,0.1079,nd,MLV,
1,2,41,mix,poly,NA,NA,NA,NA,25,5,0.0623,nd,LO,
1,2,41,mix,poly,NA,NA,NA,NA,30,5,0.0469,nd,MLV,
1,2,41,mix,poly,NA,NA,NA,NA,35,5,0.0301,nd,MLV,
1,2,41,mix,poly,NA,NA,NA,NA,40,5,0.0144,nd,MLV,
1,2,41,mix,poly,NA,NA,NA,NA,45,5,0.012,nd,MLV,
1,2,41,mix,poly,NA,NA,NA,NA,50,3,0.0075,nd,MLV,
3,17,42,mix,poly,NA,NA,NA,NA,0,5,1.9594,nd,MLV,
3,17,42,mix,poly,NA,NA,NA,NA,5,5,1.8136,nd,MLV,
3,17,42,mix,poly,NA,NA,NA,NA,10,5,0.6822,nd,MLV,
3,17,42,mix,poly,NA,NA,NA,NA,15,5,0.2678,nd,MLV,
3,17,42,mix,poly,NA,NA,NA,NA,20,5,0.1649,nd,MLV,
3,17,42,mix,poly,NA,NA,NA,NA,25,5,0.124,nd,MLV,
3,17,42,mix,poly,NA,NA,NA,NA,30,5,0.0834,nd,MLV,
3,17,42,mix,poly,NA,NA,NA,NA,35,5,0.0554,nd,MLV,
3,17,42,mix,poly,NA,NA,NA,NA,40,5,0.0519,nd,MLV,
3,17,42,mix,poly,NA,NA,NA,NA,45,5,0.0421,nd,MLV,
3,17,42,mix,poly,NA,NA,NA,NA,50,6,0.017,nd,MLV,
1,17,43,mix,poly,NA,NA,NA,NA,0,5,2.4899,serc,MLV,
1,17,43,mix,poly,NA,NA,NA,NA,5,5,1.3259,serc,JLS,
1,17,43,mix,poly,NA,NA,NA,NA,10,5,0.5664,serc,MLV,
1,17,43,mix,poly,NA,NA,NA,NA,15,5,0.3581,serc,JLS,
1,17,43,mix,poly,NA,NA,NA,NA,20,5,0.1743,serc,JLS,
1,17,43,mix,poly,NA,NA,NA,NA,25,5,0.172,serc,JLS,
1,17,43,mix,poly,NA,NA,NA,NA,30,5,0.0859,,MLV,
1,17,43,mix,poly,NA,NA,NA,NA,35,5,0.0662,,MLV,
1,17,43,mix,poly,NA,NA,NA,NA,40,5,0.0415,,MLV,
1,17,43,mix,poly,NA,NA,NA,NA,45,5,0.0309,,MLV,
1,17,43,mix,poly,NA,NA,NA,NA,50,,0.0177,,MLV,missing core length
4,17,44,mix,poly,NA,NA,NA,0,0,5,7.4347,nd,LO,
4,17,44,mix,poly,NA,NA,NA,0,5,5,1.3467,nd,MLV,
4,17,44,mix,poly,NA,NA,NA,0,10,5,0.5835,nd,EA,
4,17,44,mix,poly,NA,NA,NA,0,15,5,0.4091,nd,LO,
4,17,44,mix,poly,NA,NA,NA,0,20,5,0.2521,nd,LO,
4,17,44,mix,poly,NA,NA,NA,0,25,5,0.2181,nd,MLV,
4,17,44,mix,poly,NA,NA,NA,0,30,5,0.1471,nd,MLV,
4,17,44,mix,poly,NA,NA,NA,0,35,5,0.1134,nd,MLV,
4,17,44,mix,poly,NA,NA,NA,0,40,5,0.0483,nd,LO,
4,17,44,mix,poly,NA,NA,NA,0,45,5,0.0366,nd,MLV,
4,17,44,mix,poly,NA,NA,NA,0,50,7,0.0062,nd,MLV,
2,21,45,mix,poly,NA,NA,NA,NA,0,5,3.7432,,MLV,
2,21,45,mix,poly,NA,NA,NA,NA,5,5,1.6452,,MLV,
2,21,45,mix,poly,NA,NA,NA,NA,10,5,0.5771,,MLV,
2,21,45,mix,poly,NA,NA,NA,NA,15,5,0.3056,,MLV,
2,21,45,mix,poly,NA,NA,NA,NA,20,5,0.2205,,MLV,
2,21,45,mix,poly,NA,NA,NA,NA,25,5,0.1819,,MLV,
2,21,45,mix,poly,NA,NA,NA,NA,30,5,0.1316,,MLV,
2,21,45,mix,poly,NA,NA,NA,NA,35,5,0.1101,,MLV,
2,21,45,mix,poly,NA,NA,NA,NA,40,5,0.0841,,MLV,
2,21,45,mix,poly,NA,NA,NA,NA,45,5,0.0225,,MLV,
2,21,45,mix,poly,NA,NA,NA,NA,50,7,0.0425,,MLV,
4,3,46,mix,poly,NA,NA,NA,NA,0,5,3.5645,nd,MLV,
4,3,46,mix,poly,NA,NA,NA,NA,5,5,1.0018,nd,LO,
4,3,46,mix,poly,NA,NA,NA,NA,10,5,0.4895,nd,not_recorded,
4,3,46,mix,poly,NA,NA,NA,NA,15,5,0.1557,nd,MLV,
4,3,46,mix,poly,NA,NA,NA,NA,20,5,0.1024,nd,LO,
4,3,46,mix,poly,NA,NA,NA,NA,25,5,0.084,nd,LO,
4,3,46,mix,poly,NA,NA,NA,NA,30,5,0.0573,nd,MLV,
4,3,46,mix,poly,NA,NA,NA,NA,35,5,0.0453,nd,LO,
4,3,46,mix,poly,NA,NA,NA,NA,40,5,0.0296,nd,LO,
4,3,46,mix,poly,NA,NA,NA,NA,45,5,0.0176,nd,not_recorded,
4,3,46,mix,poly,NA,NA,NA,NA,50,5,0.0015,nd,LO,
2,4,47,mix,poly,NA,NA,NA,NA,0,5,2.8194,nd,MLV,
2,4,47,mix,poly,NA,NA,NA,NA,5,5,1.671,nd,MLV,
2,4,47,mix,poly,NA,NA,NA,NA,10,5,1.0345,nd,MLV,
2,4,47,mix,poly,NA,NA,NA,NA,15,5,0.6989,nd,MLV,
2,4,47,mix,poly,NA,NA,NA,NA,20,5,0.2655,nd,MLV,
2,4,47,mix,poly,NA,NA,NA,NA,25,5,0.1504,nd,MLV,
2,4,47,mix,poly,NA,NA,NA,NA,30,5,0.1172,nd,MLV,
2,4,47,mix,poly,NA,NA,NA,NA,35,5,0.0554,nd,MLV,
2,4,47,mix,poly,NA,NA,NA,NA,40,5,0.0872,nd,MLV,
2,4,47,mix,poly,NA,NA,NA,NA,45,5,0.0418,nd,MLV,
2,4,47,mix,poly,NA,NA,NA,NA,50,8,0.0382,nd,MLV,
3,1,48,mix,poly,NA,NA,NA,NA,0,5,2.6549,nd,MLV,
3,1,48,mix,poly,NA,NA,NA,NA,5,5,1.5024,nd,MLV,
3,1,48,mix,poly,NA,NA,NA,NA,10,5,0.589,nd,MLV,
3,1,48,mix,poly,NA,NA,NA,NA,15,5,0.3836,nd,MLV,
3,1,48,mix,poly,NA,NA,NA,NA,20,5,0.1495,nd,MLV,
3,1,48,mix,poly,NA,NA,NA,NA,25,5,0.1293,nd,MLV,
3,1,48,mix,poly,NA,NA,NA,NA,30,5,0.0828,nd,MLV,
3,1,48,mix,poly,NA,NA,NA,NA,35,5,0.0535,nd,MLV,
3,1,48,mix,poly,NA,NA,NA,NA,40,5,0.0391,nd,MLV,
3,1,48,mix,poly,NA,NA,NA,NA,45,5,0.0246,nd,MLV,
3,1,48,mix,poly,NA,NA,NA,NA,50,7.5,0.0189,nd,MLV,
1,14,49,modern,mono,142,S1CDP,sellman,0,0,5,5.8197,,MLV,
1,14,49,modern,mono,142,S1CDP,sellman,0,5,5,1.1285,,MLV,
1,14,49,modern,mono,142,S1CDP,sellman,0,10,5,0.7114,,MLV,
1,14,49,modern,mono,142,S1CDP,sellman,0,15,5,0.2705,,MLV,
1,14,49,modern,mono,142,S1CDP,sellman,0,20,5,0.2084,,MLV,
1,14,49,modern,mono,142,S1CDP,sellman,0,25,5,0.1723,,MLV,
1,14,49,modern,mono,142,S1CDP,sellman,0,30,5,0.1176,,MLV,
1,14,49,modern,mono,142,S1CDP,sellman,0,35,5,0.1138,,MLV,
1,14,49,modern,mono,142,S1CDP,sellman,0,40,5,0.0693,,MLV,
1,14,49,modern,mono,142,S1CDP,sellman,0,45,5,0.0446,,MLV,
1,14,49,modern,mono,142,S1CDP,sellman,0,50,6,0.0388,,MLV,
2,1,50,modern,mono,142,S1CDP,sellman,0,0,5,3.6052,nd,MLV,
2,1,50,modern,mono,142,S1CDP,sellman,0,5,5,1.6487,nd,MLV,
2,1,50,modern,mono,142,S1CDP,sellman,0,10,5,0.8963,nd,MLV,
2,1,50,modern,mono,142,S1CDP,sellman,0,15,5,0.4363,nd,MLV,
2,1,50,modern,mono,142,S1CDP,sellman,0,20,5,0.2496,nd,MLV,
2,1,50,modern,mono,142,S1CDP,sellman,0,25,5,0.1658,nd,MLV,
2,1,50,modern,mono,142,S1CDP,sellman,0,30,5,0.1289,nd,MLV,
2,1,50,modern,mono,142,S1CDP,sellman,0,35,5,0.0878,nd,MLV,
2,1,50,modern,mono,142,S1CDP,sellman,0,40,5,0.0417,nd,MLV,
2,1,50,modern,mono,142,S1CDP,sellman,0,45,5,0.03,nd,MLV,
2,1,50,modern,mono,142,S1CDP,sellman,0,50,8.5,0.0635,nd,MLV,
3,18,51,modern,mono,142,S1CDP,sellman,0,0,5,4.3511,nd,MLV,
3,18,51,modern,mono,142,S1CDP,sellman,0,5,5,1.1315,nd,LO,
3,18,51,modern,mono,142,S1CDP,sellman,0,10,5,0.7505,nd,MLV,
3,18,51,modern,mono,142,S1CDP,sellman,0,15,5,0.4599,nd,MLV,
3,18,51,modern,mono,142,S1CDP,sellman,0,20,5,0.3118,nd,MLV,
3,18,51,modern,mono,142,S1CDP,sellman,0,25,5,0.1746,nd,LO,
3,18,51,modern,mono,142,S1CDP,sellman,0,30,5,0.1056,nd,LO,
3,18,51,modern,mono,142,S1CDP,sellman,0,35,5,0.0792,nd,MLV,
3,18,51,modern,mono,142,S1CDP,sellman,0,40,5,0.0544,nd,MLV,
3,18,51,modern,mono,142,S1CDP,sellman,0,45,5,0.0567,nd,MLV,
3,18,51,modern,mono,142,S1CDP,sellman,0,50,7,0.038,nd,LO,
2,5,52,modern,mono,131,H1A1P,hog,0,0,5,2.6695,nd,AA,
2,5,52,modern,mono,131,H1A1P,hog,0,5,5,1.0444,nd,AA,
2,5,52,modern,mono,131,H1A1P,hog,0,10,5,0.7374,nd,AA,
2,5,52,modern,mono,131,H1A1P,hog,0,15,5,0.5374,nd,AA,
2,5,52,modern,mono,131,H1A1P,hog,0,20,5,0.19,nd,LO,
2,5,52,modern,mono,131,H1A1P,hog,0,25,5,0.1114,nd,AA,
2,5,52,modern,mono,131,H1A1P,hog,0,30,5,0.084,nd,LO,
2,5,52,modern,mono,131,H1A1P,hog,0,35,5,0.065,nd,LO,
2,5,52,modern,mono,131,H1A1P,hog,0,40,5,0.0375,nd,LO,
2,5,52,modern,mono,131,H1A1P,hog,0,45,5,0.0212,nd,AA,
2,5,52,modern,mono,131,H1A1P,hog,0,50,5.5,0.0225,nd,LO,
3,7,53,modern,mono,131,H1A1P,hog,0,0,5,1.4609,nd,MLV,
3,7,53,modern,mono,131,H1A1P,hog,0,5,5,1.2202,nd,MLV,
3,7,53,modern,mono,131,H1A1P,hog,0,10,5,0.9535,nd,MLV,
3,7,53,modern,mono,131,H1A1P,hog,0,15,5,0.4377,nd,MLV,
3,7,53,modern,mono,131,H1A1P,hog,0,20,5,0.1691,nd,MLV,
3,7,53,modern,mono,131,H1A1P,hog,0,25,5,0.1328,nd,MLV,
3,7,53,modern,mono,131,H1A1P,hog,0,30,5,0.089,nd,MLV,
3,7,53,modern,mono,131,H1A1P,hog,0,35,5,0.0583,nd,MLV,
3,7,53,modern,mono,131,H1A1P,hog,0,40,5,0.0297,nd,MLV,
3,7,53,modern,mono,131,H1A1P,hog,0,45,5,0.0341,nd,MLV,
3,7,53,modern,mono,131,H1A1P,hog,0,50,8.5,0.0304,nd,MLV,
4,10,54,modern,mono,131,H1A1P,hog,0,0,5,2.2647,nd,MLV,
4,10,54,modern,mono,131,H1A1P,hog,0,5,5,1.5649,nd,MLV,
4,10,54,modern,mono,131,H1A1P,hog,0,10,5,0.9378,nd,MLV,
4,10,54,modern,mono,131,H1A1P,hog,0,15,5,0.5604,nd,MLV,
4,10,54,modern,mono,131,H1A1P,hog,0,20,5,0.1714,nd,MLV,
4,10,54,modern,mono,131,H1A1P,hog,0,25,5,0.1229,nd,MLV,
4,10,54,modern,mono,131,H1A1P,hog,0,30,5,0.1123,nd,MLV,
4,10,54,modern,mono,131,H1A1P,hog,0,35,5,0.0609,nd,MLV,
4,10,54,modern,mono,131,H1A1P,hog,0,40,5,0.0572,nd,MLV,
4,10,54,modern,mono,131,H1A1P,hog,0,45,5,0.05,nd,MLV,
4,10,54,modern,mono,131,H1A1P,hog,0,50,6.5,0.0247,nd,MLV,
3,10,55,modern,mono,141,KM1B2P,kirkpatrick,0,0,5,3.023,nd,MLV,
3,10,55,modern,mono,141,KM1B2P,kirkpatrick,0,5,5,1.1724,nd,MLV,
3,10,55,modern,mono,141,KM1B2P,kirkpatrick,0,10,5,0.6187,nd,MLV,
3,10,55,modern,mono,141,KM1B2P,kirkpatrick,0,15,5,0.3013,nd,MLV,
3,10,55,modern,mono,141,KM1B2P,kirkpatrick,0,20,5,0.2124,nd,MLV,
3,10,55,modern,mono,141,KM1B2P,kirkpatrick,0,25,5,0.1683,nd,MLV,
3,10,55,modern,mono,141,KM1B2P,kirkpatrick,0,30,5,0.1099,nd,MLV,
3,10,55,modern,mono,141,KM1B2P,kirkpatrick,0,35,5,0.0818,nd,MLV,
3,10,55,modern,mono,141,KM1B2P,kirkpatrick,0,40,5,0.053,nd,MLV,
3,10,55,modern,mono,141,KM1B2P,kirkpatrick,0,45,5,0.0294,nd,MLV,
3,10,55,modern,mono,141,KM1B2P,kirkpatrick,0,50,9,0.0031,nd,MLV,
4,4,56,modern,mono,141,KM1B2P,kirkpatrick,0,0,5,1.4443,nd,MLV,
4,4,56,modern,mono,141,KM1B2P,kirkpatrick,0,5,5,0.5636,nd,MLV,
4,4,56,modern,mono,141,KM1B2P,kirkpatrick,0,10,5,0.2084,nd,MLV,
4,4,56,modern,mono,141,KM1B2P,kirkpatrick,0,15,5,0.1188,nd,MLV,
4,4,56,modern,mono,141,KM1B2P,kirkpatrick,0,20,5,0.0616,nd,MLV,
4,4,56,modern,mono,141,KM1B2P,kirkpatrick,0,25,5,0.0586,nd,MLV,
4,4,56,modern,mono,141,KM1B2P,kirkpatrick,0,30,5,0.0367,nd,MLV,
4,4,56,modern,mono,141,KM1B2P,kirkpatrick,0,35,5,0.0125,nd,MLV,
4,4,56,modern,mono,141,KM1B2P,kirkpatrick,0,40,5,0.0066,nd,MLV,
4,4,56,modern,mono,141,KM1B2P,kirkpatrick,0,45,5,0.0086,nd,MLV,
4,4,56,modern,mono,141,KM1B2P,kirkpatrick,0,50,7,0.0034,nd,MLV,
1,21,57,modern,mono,141,KM1B2P,kirkpatrick,0,0,5,2.3979,nd,MLV,
1,21,57,modern,mono,141,KM1B2P,kirkpatrick,0,5,5,1.1696,nd,MLV,
1,21,57,modern,mono,141,KM1B2P,kirkpatrick,0,10,5,0.4209,nd,MLV,
1,21,57,modern,mono,141,KM1B2P,kirkpatrick,0,15,5,0.2711,nd,MLV,
1,21,57,modern,mono,141,KM1B2P,kirkpatrick,0,20,5,0.1936,nd,MLV,
1,21,57,modern,mono,141,KM1B2P,kirkpatrick,0,25,5,0.1099,nd,MLV,
1,21,57,modern,mono,141,KM1B2P,kirkpatrick,0,30,5,0.0697,nd,MLV,
1,21,57,modern,mono,141,KM1B2P,kirkpatrick,0,35,5,0.0461,nd,MLV,
1,21,57,modern,mono,141,KM1B2P,kirkpatrick,0,40,5,0.0437,nd,MLV,
1,21,57,modern,mono,141,KM1B2P,kirkpatrick,0,45,5,0.009,nd,MLV,
1,21,57,modern,mono,141,KM1B2P,kirkpatrick,0,50,6,0.0133,nd,MLV,
4,18,58,modern,mono,127,C1BR,corn,0,0,5,1.5385,nd,BB,
4,18,58,modern,mono,127,C1BR,corn,0,5,5,1.2618,nd,BB,
4,18,58,modern,mono,127,C1BR,corn,0,10,5,0.3923,nd,BB,
4,18,58,modern,mono,127,C1BR,corn,0,15,5,0.12,nd,BB,
4,18,58,modern,mono,127,C1BR,corn,0,20,5,0.1027,nd,LO,
4,18,58,modern,mono,127,C1BR,corn,0,25,5,0.066,nd,BB,
4,18,58,modern,mono,127,C1BR,corn,0,30,5,0.0275,nd,LO,
4,18,58,modern,mono,127,C1BR,corn,0,35,5,0.0199,nd,LO,
4,18,58,modern,mono,127,C1BR,corn,0,40,5,0.007,nd,BB,
4,18,58,modern,mono,127,C1BR,corn,0,45,5,0.0048,nd,BB,
4,18,58,modern,mono,127,C1BR,corn,0,50,4.5,0.0033,nd,BB,
1,7,59,modern,mono,127,C1BR,corn,0,0,5,0.9541,nd,not_recorded,
1,7,59,modern,mono,127,C1BR,corn,0,5,5,1.6526,nd,not_recorded,
1,7,59,modern,mono,127,C1BR,corn,0,10,5,0.2073,nd,not_recorded,
1,7,59,modern,mono,127,C1BR,corn,0,15,5,0.1138,nd,not_recorded,
1,7,59,modern,mono,127,C1BR,corn,0,20,5,0.0953,nd,not_recorded,
1,7,59,modern,mono,127,C1BR,corn,0,25,5,0.0864,nd,not_recorded,
1,7,59,modern,mono,127,C1BR,corn,0,30,5,0.0753,nd,not_recorded,
1,7,59,modern,mono,127,C1BR,corn,0,35,5,0.0366,nd,not_recorded,
1,7,59,modern,mono,127,C1BR,corn,0,40,5,0.0232,nd,not_recorded,
1,7,59,modern,mono,127,C1BR,corn,0,45,5,0.0185,nd,not_recorded,
1,7,59,modern,mono,127,C1BR,corn,0,50,5,0.0017,nd,not_recorded,
1,7,59,modern,mono,127,C1BR,corn,0,55,3.5,0.0017,nd,not_recorded,
2,7,60,modern,mono,127,C1BR,corn,0,0,5,1.563,nd,MLV,
2,7,60,modern,mono,127,C1BR,corn,0,5,5,1.5345,nd,MLV,
2,7,60,modern,mono,127,C1BR,corn,0,10,5,0.6415,nd,MLV,
2,7,60,modern,mono,127,C1BR,corn,0,15,5,0.3069,nd,MLV,
2,7,60,modern,mono,127,C1BR,corn,0,20,5,0.1601,nd,MLV,
2,7,60,modern,mono,127,C1BR,corn,0,25,5,0.1079,nd,MLV,
2,7,60,modern,mono,127,C1BR,corn,0,30,5,0.0739,nd,MLV,
2,7,60,modern,mono,127,C1BR,corn,0,35,5,0.052,nd,MLV,
2,7,60,modern,mono,127,C1BR,corn,0,40,5,0.0432,nd,MLV,
2,7,60,modern,mono,127,C1BR,corn,0,45,5,0.0229,nd,MLV,
2,7,60,modern,mono,127,C1BR,corn,0,50,7,0.0012,nd,MLV,
1,10,61,modern,mono,128,C2BT,corn,0,0,5,1.0947,nd,MLV,
1,10,61,modern,mono,128,C2BT,corn,0,5,5,1.2159,nd,MLV,
1,10,61,modern,mono,128,C2BT,corn,0,10,5,0.4206,nd,MLV,
1,10,61,modern,mono,128,C2BT,corn,0,15,5,0.2059,nd,MLV,
1,10,61,modern,mono,128,C2BT,corn,0,20,5,0.0958,nd,MLV,
1,10,61,modern,mono,128,C2BT,corn,0,25,5,0.0754,nd,MLV,
1,10,61,modern,mono,128,C2BT,corn,0,30,5,0.0463,nd,MLV,
1,10,61,modern,mono,128,C2BT,corn,0,35,5,0.041,nd,MLV,
1,10,61,modern,mono,128,C2BT,corn,0,40,5,0.0266,nd,MLV,
1,10,61,modern,mono,128,C2BT,corn,0,45,5,0.0147,nd,MLV,
1,10,61,modern,mono,128,C2BT,corn,0,50,4,0.0081,nd,MLV,
2,24,62,modern,mono,128,C2BT,corn,0,0,5,1.8805,,MLV,
2,24,62,modern,mono,128,C2BT,corn,0,5,5,1.3336,,MLV,
2,24,62,modern,mono,128,C2BT,corn,0,10,5,0.7123,,MLV,
2,24,62,modern,mono,128,C2BT,corn,0,15,5,0.1715,,MLV,
2,24,62,modern,mono,128,C2BT,corn,0,20,5,0.112,,MLV,
2,24,62,modern,mono,128,C2BT,corn,0,25,5,0.0937,,MLV,
2,24,62,modern,mono,128,C2BT,corn,0,30,5,0.0625,,MLV,
2,24,62,modern,mono,128,C2BT,corn,0,35,5,0.0506,,MLV,
2,24,62,modern,mono,128,C2BT,corn,0,40,5,0.0327,,MLV,
2,24,62,modern,mono,128,C2BT,corn,0,45,5,0.028,,MLV,
2,24,62,modern,mono,128,C2BT,corn,0,50,8,0.0261,,MLV,
3,6,63,modern,mono,128,C2BT,corn,0,0,5,1.8951,nd,EA,
3,6,63,modern,mono,128,C2BT,corn,0,5,5,2.2619,nd,LO,
3,6,63,modern,mono,128,C2BT,corn,0,10,5,0.911,nd,MLV,
3,6,63,modern,mono,128,C2BT,corn,0,15,5,0.2183,nd,EA,
3,6,63,modern,mono,128,C2BT,corn,0,20,5,0.2039,nd,LO,
3,6,63,modern,mono,128,C2BT,corn,0,25,5,0.125,nd,EA,
3,6,63,modern,mono,128,C2BT,corn,0,30,5,0.0695,nd,EA,
3,6,63,modern,mono,128,C2BT,corn,0,35,5,0.0484,nd,MLV,
3,6,63,modern,mono,128,C2BT,corn,0,40,5,0.0669,nd,MLV,
3,6,63,modern,mono,128,C2BT,corn,0,45,5,0.0368,nd,LO,
3,6,63,modern,mono,128,C2BT,corn,0,50,7.5,0.0275,nd,LO,
2,20,64,modern,mono,140,S1ADN,sellman,0,0,5,3.6099,,MLV,
2,20,64,modern,mono,140,S1ADN,sellman,0,5,5,1.1799,,MLV,
2,20,64,modern,mono,140,S1ADN,sellman,0,10,5,0.784,,MLV,
2,20,64,modern,mono,140,S1ADN,sellman,0,15,5,0.4311,,MLV,
2,20,64,modern,mono,140,S1ADN,sellman,0,20,5,0.2331,,MLV,
2,20,64,modern,mono,140,S1ADN,sellman,0,25,5,0.1391,,MLV,
2,20,64,modern,mono,140,S1ADN,sellman,0,30,5,0.0947,,MLV,
2,20,64,modern,mono,140,S1ADN,sellman,0,35,5,0.075,,MLV,
2,20,64,modern,mono,140,S1ADN,sellman,0,40,5,0.051,,MLV,
2,20,64,modern,mono,140,S1ADN,sellman,0,45,5,0.0093,,MLV,
2,20,64,modern,mono,140,S1ADN,sellman,0,50,7,0.0011,,MLV,
3,21,65,modern,mono,140,S1ADN,sellman,0,0,5,3.0455,,MLV,
3,21,65,modern,mono,140,S1ADN,sellman,0,5,5,0.841,,MLV,
3,21,65,modern,mono,140,S1ADN,sellman,0,10,5,0.3817,,MLV,
3,21,65,modern,mono,140,S1ADN,sellman,0,15,5,0.2103,,MLV,
3,21,65,modern,mono,140,S1ADN,sellman,0,20,5,0.1829,,MLV,
3,21,65,modern,mono,140,S1ADN,sellman,0,25,5,0.1033,,MLV,
3,21,65,modern,mono,140,S1ADN,sellman,0,30,5,0.0759,,MLV,
3,21,65,modern,mono,140,S1ADN,sellman,0,35,5,0.0412,,MLV,
3,21,65,modern,mono,140,S1ADN,sellman,0,40,5,0.0346,,MLV,
3,21,65,modern,mono,140,S1ADN,sellman,0,45,5,0.0222,,MLV,
3,21,65,modern,mono,140,S1ADN,sellman,0,50,6,0.0304,,MLV,
4,11,66,modern,mono,140,S1ADN,sellman,0,0,5,3.6429,,MLV,
4,11,66,modern,mono,140,S1ADN,sellman,0,5,5,1.2523,,MLV,
4,11,66,modern,mono,140,S1ADN,sellman,0,10,5,0.8361,,MLV,
4,11,66,modern,mono,140,S1ADN,sellman,0,15,5,0.279,,MLV,
4,11,66,modern,mono,140,S1ADN,sellman,0,20,5,0.1792,,MLV,
4,11,66,modern,mono,140,S1ADN,sellman,0,25,5,0.148,,MLV,
4,11,66,modern,mono,140,S1ADN,sellman,0,30,5,0.1057,,MLV,
4,11,66,modern,mono,140,S1ADN,sellman,0,35,5,0.083,,MLV,
4,11,66,modern,mono,140,S1ADN,sellman,0,40,5,0.0435,,MLV,
4,11,66,modern,mono,140,S1ADN,sellman,0,45,5,0.0434,,MLV,
4,11,66,modern,mono,140,S1ADN,sellman,0,50,6,0.038,,MLV,
3,14,67,modern,mono,132,C1BP,corn,5.25,0,5,3.5144,,MLV,
3,14,67,modern,mono,132,C1BP,corn,5.25,5,5,1.901,,MLV,
3,14,67,modern,mono,132,C1BP,corn,5.25,10,5,1.4877,,MLV,
3,14,67,modern,mono,132,C1BP,corn,5.25,15,5,0.3997,,MLV,
3,14,67,modern,mono,132,C1BP,corn,5.25,20,5,0.2718,,MLV,
3,14,67,modern,mono,132,C1BP,corn,5.25,25,5,0.2095,,MLV,
3,14,67,modern,mono,132,C1BP,corn,5.25,30,5,0.1705,,MLV,
3,14,67,modern,mono,132,C1BP,corn,5.25,35,5,0.1646,,MLV,
3,14,67,modern,mono,132,C1BP,corn,5.25,40,5,0.0684,,MLV,
3,14,67,modern,mono,132,C1BP,corn,5.25,45,5,0.0501,,MLV,
3,14,67,modern,mono,132,C1BP,corn,5.25,50,7,0.058,,MLV,
4,13,68,modern,mono,132,C1BP,corn,5.25,0,5,4.8354,nd,MLV,
4,13,68,modern,mono,132,C1BP,corn,5.25,5,5,1.8586,nd,MLV,
4,13,68,modern,mono,132,C1BP,corn,5.25,10,5,1.2276,nd,MLV,
4,13,68,modern,mono,132,C1BP,corn,5.25,15,5,0.4033,nd,MLV,
4,13,68,modern,mono,132,C1BP,corn,5.25,20,5,0.2578,nd,MLV,
4,13,68,modern,mono,132,C1BP,corn,5.25,25,5,0.466,nd,MLV,
4,13,68,modern,mono,132,C1BP,corn,5.25,30,5,0.1677,nd,MLV,
4,13,68,modern,mono,132,C1BP,corn,5.25,35,5,0.1592,nd,MLV,
4,13,68,modern,mono,132,C1BP,corn,5.25,40,5,0.1654,nd,MLV,
4,13,68,modern,mono,132,C1BP,corn,5.25,45,5,0.1057,nd,MLV,
4,13,68,modern,mono,132,C1BP,corn,5.25,50,6,0.0727,nd,MLV,
1,22,69,modern,mono,132,C1BP,corn,5.25,0,5,5.4956,nd,MLV,
1,22,69,modern,mono,132,C1BP,corn,5.25,5,5,1.7692,nd,MLV,
1,22,69,modern,mono,132,C1BP,corn,5.25,10,5,1.245,nd,MLV,
1,22,69,modern,mono,132,C1BP,corn,5.25,15,5,0.7394,nd,MLV,
1,22,69,modern,mono,132,C1BP,corn,5.25,20,5,0.3133,nd,EA,
1,22,69,modern,mono,132,C1BP,corn,5.25,25,5,0.2408,nd,MLV,
1,22,69,modern,mono,132,C1BP,corn,5.25,30,5,0.1973,nd,EA,
1,22,69,modern,mono,132,C1BP,corn,5.25,35,5,0.1227,nd,EA,
1,22,69,modern,mono,132,C1BP,corn,5.25,40,5,0.1353,nd,EA,
1,22,69,modern,mono,132,C1BP,corn,5.25,45,5,0.0834,nd,MLV,
1,22,69,modern,mono,132,C1BP,corn,5.25,50,6.5,0.1424,nd,MLV,
4,23,70,modern,mono,139,C3AS,corn,0,0,5,2.0057,nd,MLV,
4,23,70,modern,mono,139,C3AS,corn,0,5,5,1.2817,nd,MLV,
4,23,70,modern,mono,139,C3AS,corn,0,10,5,0.3839,nd,MLV,
4,23,70,modern,mono,139,C3AS,corn,0,15,5,0.2314,nd,MLV,
4,23,70,modern,mono,139,C3AS,corn,0,20,5,0.0988,nd,MLV,
4,23,70,modern,mono,139,C3AS,corn,0,25,5,0.1067,nd,MLV,
4,23,70,modern,mono,139,C3AS,corn,0,30,5,0.081,nd,MLV,
4,23,70,modern,mono,139,C3AS,corn,0,35,5,0.0481,nd,MLV,
4,23,70,modern,mono,139,C3AS,corn,0,40,5,0.0376,nd,MLV,
4,23,70,modern,mono,139,C3AS,corn,0,45,5,0.0224,nd,MLV,
4,23,70,modern,mono,139,C3AS,corn,0,50,4.5,0.0078,nd,MLV,
1,1,71,modern,mono,139,C3AS,corn,0,0,5,2.0524,,MLV,
1,1,71,modern,mono,139,C3AS,corn,0,5,5,1.2028,,MLV,
1,1,71,modern,mono,139,C3AS,corn,0,10,5,0.6671,,MLV,
1,1,71,modern,mono,139,C3AS,corn,0,15,5,0.3145,,MLV,
1,1,71,modern,mono,139,C3AS,corn,0,20,5,0.1335,,MLV,
1,1,71,modern,mono,139,C3AS,corn,0,25,5,0.1107,,MLV,
1,1,71,modern,mono,139,C3AS,corn,0,30,5,0.0882,,MLV,
1,1,71,modern,mono,139,C3AS,corn,0,35,5,0.043,,MLV,
1,1,71,modern,mono,139,C3AS,corn,0,40,5,0.0379,,MLV,
1,1,71,modern,mono,139,C3AS,corn,0,45,5,0.0168,,MLV,
1,1,71,modern,mono,139,C3AS,corn,0,50,4,0.0134,,MLV,
2,11,72,modern,mono,139,C3AS,corn,0,0,5,2.3568,serc,MLV,
2,11,72,modern,mono,139,C3AS,corn,0,5,5,1.4754,serc,MLV,
2,11,72,modern,mono,139,C3AS,corn,0,10,5,0.607,serc,MLV,
2,11,72,modern,mono,139,C3AS,corn,0,15,5,0.3451,serc,MLV,
2,11,72,modern,mono,139,C3AS,corn,0,20,5,0.1746,serc,MLV,
2,11,72,modern,mono,139,C3AS,corn,0,25,5,0.1055,serc,MLV,
2,11,72,modern,mono,139,C3AS,corn,0,30,5,0.081,serc,MLV,
2,11,72,modern,mono,139,C3AS,corn,0,35,5,0.0919,serc,JLS,
2,11,72,modern,mono,139,C3AS,corn,0,40,5,0.0303,serc,MLV,
2,11,72,modern,mono,139,C3AS,corn,0,45,5,0.0255,serc,JLS,
2,11,72,modern,mono,139,C3AS,corn,0,50,8,0.0243,serc,MLV,
1,9,73,ancestral,mono,137,C1BN,corn,9.5,0,5,3.1539,,MLV,
1,9,73,ancestral,mono,137,C1BN,corn,9.5,5,5,2.1975,,MLV,
1,9,73,ancestral,mono,137,C1BN,corn,9.5,10,5,1.2545,,MLV,
1,9,73,ancestral,mono,137,C1BN,corn,9.5,15,5,0.4929,,MLV,
1,9,73,ancestral,mono,137,C1BN,corn,9.5,20,5,0.2925,,MLV,
1,9,73,ancestral,mono,137,C1BN,corn,9.5,25,5,0.1789,,MLV,
1,9,73,ancestral,mono,137,C1BN,corn,9.5,30,5,0.1806,,MLV,
1,9,73,ancestral,mono,137,C1BN,corn,9.5,35,5,0.1362,,MLV,
1,9,73,ancestral,mono,137,C1BN,corn,9.5,40,5,0.1112,,MLV,
1,9,73,ancestral,mono,137,C1BN,corn,9.5,45,5,0.0786,,MLV,
1,9,73,ancestral,mono,137,C1BN,corn,9.5,50,7,0.0785,,MLV,
2,13,74,ancestral,mono,137,C1BN,corn,9.5,0,5,1.8311,nd,AA,
2,13,74,ancestral,mono,137,C1BN,corn,9.5,5,5,0.5838,nd,BB,
2,13,74,ancestral,mono,137,C1BN,corn,9.5,10,5,0.7916,nd,BB,
2,13,74,ancestral,mono,137,C1BN,corn,9.5,15,5,0.3244,nd,AA,
2,13,74,ancestral,mono,137,C1BN,corn,9.5,20,5,0.0817,nd,BB,
2,13,74,ancestral,mono,137,C1BN,corn,9.5,25,5,0.1351,nd,BB,
2,13,74,ancestral,mono,137,C1BN,corn,9.5,30,5,0.0498,nd,AA,
2,13,74,ancestral,mono,137,C1BN,corn,9.5,35,5,0.0485,nd,AA,
2,13,74,ancestral,mono,137,C1BN,corn,9.5,40,5,0.0308,nd,AA,
2,13,74,ancestral,mono,137,C1BN,corn,9.5,45,5,0.0267,nd,LO,
2,13,74,ancestral,mono,137,C1BN,corn,9.5,50,5,0.0129,nd,AA,
3,11,75,ancestral,mono,137,C1BN,corn,9.5,0,5,3.9331,nd,AA,
3,11,75,ancestral,mono,137,C1BN,corn,9.5,5,5,1.7832,nd,LO,
3,11,75,ancestral,mono,137,C1BN,corn,9.5,10,5,1.526,nd,AA,
3,11,75,ancestral,mono,137,C1BN,corn,9.5,15,5,0.3889,nd,AA,
3,11,75,ancestral,mono,137,C1BN,corn,9.5,20,5,0.2005,nd,LO,
3,11,75,ancestral,mono,137,C1BN,corn,9.5,25,5,0.1432,nd,LO,
3,11,75,ancestral,mono,137,C1BN,corn,9.5,30,5,0.1294,nd,LO,
3,11,75,ancestral,mono,137,C1BN,corn,9.5,35,5,0.1206,nd,AA,
3,11,75,ancestral,mono,137,C1BN,corn,9.5,40,5,0.0838,nd,AA,
3,11,75,ancestral,mono,137,C1BN,corn,9.5,45,5,0.0675,nd,LO,
3,11,75,ancestral,mono,137,C1BN,corn,9.5,50,8,0.0893,nd,LO,
2,22,76,ancestral,mono,129,S1CSK,sellman,13,0,5,2.2008,nd,MLV,
2,22,76,ancestral,mono,129,S1CSK,sellman,13,5,5,1.539,nd,MLV,
2,22,76,ancestral,mono,129,S1CSK,sellman,13,10,5,0.712,nd,MLV,
2,22,76,ancestral,mono,129,S1CSK,sellman,13,15,5,0.3909,nd,MLV,
2,22,76,ancestral,mono,129,S1CSK,sellman,13,20,5,0.1786,nd,MLV,
2,22,76,ancestral,mono,129,S1CSK,sellman,13,25,5,0.1264,nd,MLV,
2,22,76,ancestral,mono,129,S1CSK,sellman,13,30,5,0.0685,nd,MLV,
2,22,76,ancestral,mono,129,S1CSK,sellman,13,35,5,0.0479,nd,MLV,
2,22,76,ancestral,mono,129,S1CSK,sellman,13,40,5,0.0305,nd,MLV,
2,22,76,ancestral,mono,129,S1CSK,sellman,13,45,5,0.034,nd,MLV,
2,22,76,ancestral,mono,129,S1CSK,sellman,13,50,8,0.0253,nd,MLV,
3,20,77,ancestral,mono,129,S1CSK,sellman,13,0,5,2.5077,nd,MLV,
3,20,77,ancestral,mono,129,S1CSK,sellman,13,5,5,1.5403,nd,MLV,
3,20,77,ancestral,mono,129,S1CSK,sellman,13,10,5,0.5933,nd,MLV,
3,20,77,ancestral,mono,129,S1CSK,sellman,13,15,5,0.2612,nd,MLV,
3,20,77,ancestral,mono,129,S1CSK,sellman,13,20,5,0.1664,nd,MLV,
3,20,77,ancestral,mono,129,S1CSK,sellman,13,25,5,0.0986,nd,MLV,
3,20,77,ancestral,mono,129,S1CSK,sellman,13,30,5,0.0894,nd,MLV,
3,20,77,ancestral,mono,129,S1CSK,sellman,13,35,5,0.0481,nd,MLV,
3,20,77,ancestral,mono,129,S1CSK,sellman,13,40,5,0.0365,nd,MLV,
3,20,77,ancestral,mono,129,S1CSK,sellman,13,45,5,0.0341,nd,MLV,
3,20,77,ancestral,mono,129,S1CSK,sellman,13,50,8.5,0.0251,nd,MLV,
4,8,78,ancestral,mono,129,S1CSK,sellman,13,0,5,0.8535,serc,MLV,
4,8,78,ancestral,mono,129,S1CSK,sellman,13,5,5,1.7864,serc,HSK,
4,8,78,ancestral,mono,129,S1CSK,sellman,13,10,5,0.3704,serc,MLV,
4,8,78,ancestral,mono,129,S1CSK,sellman,13,15,5,0.1453,serc,MLV,
4,8,78,ancestral,mono,129,S1CSK,sellman,13,20,5,0.122,serc,MLV,
4,8,78,ancestral,mono,129,S1CSK,sellman,13,25,5,0.0654,serc,HSK,
4,8,78,ancestral,mono,129,S1CSK,sellman,13,30,5,0.075,serc,MLV,
4,8,78,ancestral,mono,129,S1CSK,sellman,13,35,5,0.0426,serc,HSK,
4,8,78,ancestral,mono,129,S1CSK,sellman,13,40,5,0.033,serc,MLV,
4,8,78,ancestral,mono,129,S1CSK,sellman,13,45,5,0.0216,serc,MLV,
4,8,78,ancestral,mono,129,S1CSK,sellman,13,50,1.5,0.0062,serc,HSK,
3,22,79,ancestral,mono,133,C1BL,corn,14.25,0,5,1.7904,nd,MLV,
3,22,79,ancestral,mono,133,C1BL,corn,14.25,5,5,1.6829,nd,MLV,
3,22,79,ancestral,mono,133,C1BL,corn,14.25,10,5,1.012,,EA,
3,22,79,ancestral,mono,133,C1BL,corn,14.25,15,5,1.0161,,EA,
3,22,79,ancestral,mono,133,C1BL,corn,14.25,20,5,0.3184,nd,MLV,
3,22,79,ancestral,mono,133,C1BL,corn,14.25,25,5,0.1678,nd,MLV,
3,22,79,ancestral,mono,133,C1BL,corn,14.25,30,5,0.1139,nd,MLV,
3,22,79,ancestral,mono,133,C1BL,corn,14.25,35,5,0.1144,,EA,
3,22,79,ancestral,mono,133,C1BL,corn,14.25,40,5,0.0657,nd,MLV,
3,22,79,ancestral,mono,133,C1BL,corn,14.25,45,5,0.0506,nd,MLV,
3,22,79,ancestral,mono,133,C1BL,corn,14.25,50,6,0.0509,nd,MLV,
4,22,80,ancestral,mono,133,C1BL,corn,14.25,0,5,2.7384,,MLV,
4,22,80,ancestral,mono,133,C1BL,corn,14.25,5,5,2.0088,,MLV,
4,22,80,ancestral,mono,133,C1BL,corn,14.25,10,5,1.2515,,MLV,
4,22,80,ancestral,mono,133,C1BL,corn,14.25,15,5,0.5929,,MLV,
4,22,80,ancestral,mono,133,C1BL,corn,14.25,20,5,0.3157,,MLV,
4,22,80,ancestral,mono,133,C1BL,corn,14.25,25,5,0.173,,MLV,
4,22,80,ancestral,mono,133,C1BL,corn,14.25,30,5,0.1284,,MLV,
4,22,80,ancestral,mono,133,C1BL,corn,14.25,35,5,0.1068,,MLV,
4,22,80,ancestral,mono,133,C1BL,corn,14.25,40,5,0.0733,,MLV,
4,22,80,ancestral,mono,133,C1BL,corn,14.25,45,5,0.0662,,MLV,
4,22,80,ancestral,mono,133,C1BL,corn,14.25,50,6,0.047,,MLV,
1,18,81,ancestral,mono,133,C1BL,corn,14.25,0,5,2.6364,,MLV,
1,18,81,ancestral,mono,133,C1BL,corn,14.25,5,5,1.6344,,MLV,
1,18,81,ancestral,mono,133,C1BL,corn,14.25,10,5,1.1573,,MLV,
1,18,81,ancestral,mono,133,C1BL,corn,14.25,15,5,0.6232,,MLV,
1,18,81,ancestral,mono,133,C1BL,corn,14.25,20,5,0.3691,,MLV,
1,18,81,ancestral,mono,133,C1BL,corn,14.25,25,5,0.1998,,MLV,
1,18,81,ancestral,mono,133,C1BL,corn,14.25,30,5,0.1522,,MLV,
1,18,81,ancestral,mono,133,C1BL,corn,14.25,35,5,0.1454,,MLV,
1,18,81,ancestral,mono,133,C1BL,corn,14.25,40,5,0.0775,,MLV,
1,18,81,ancestral,mono,133,C1BL,corn,14.25,45,5,0.0723,,MLV,
1,18,81,ancestral,mono,133,C1BL,corn,14.25,50,8,0.1017,,MLV,
4,15,82,ancestral,mono,130,C2BM,corn,15,0,5,3.4593,nd,MLV,
4,15,82,ancestral,mono,130,C2BM,corn,15,5,5,2.1512,nd,MLV,
4,15,82,ancestral,mono,130,C2BM,corn,15,10,5,1.3977,nd,MLV,
4,15,82,ancestral,mono,130,C2BM,corn,15,15,5,0.4064,nd,MLV,
4,15,82,ancestral,mono,130,C2BM,corn,15,20,5,0.3011,nd,MLV,
4,15,82,ancestral,mono,130,C2BM,corn,15,25,5,0.2232,nd,MLV,
4,15,82,ancestral,mono,130,C2BM,corn,15,30,5,0.1607,nd,MLV,
4,15,82,ancestral,mono,130,C2BM,corn,15,35,5,0.1218,nd,MLV,
4,15,82,ancestral,mono,130,C2BM,corn,15,40,5,0.1019,nd,MLV,
4,15,82,ancestral,mono,130,C2BM,corn,15,45,5,0.0723,nd,MLV,
4,15,82,ancestral,mono,130,C2BM,corn,15,50,5.5,0.0792,nd,MLV,
1,24,83,ancestral,mono,130,C2BM,corn,15,0,5,1.9077,nd,MLV,
1,24,83,ancestral,mono,130,C2BM,corn,15,5,5,2.5608,nd,MLV,
1,24,83,ancestral,mono,130,C2BM,corn,15,10,5,1.0406,nd,MLV,
1,24,83,ancestral,mono,130,C2BM,corn,15,15,5,0.4528,nd,MLV,
1,24,83,ancestral,mono,130,C2BM,corn,15,20,5,0.2061,nd,MLV,
1,24,83,ancestral,mono,130,C2BM,corn,15,25,5,0.1662,nd,MLV,
1,24,83,ancestral,mono,130,C2BM,corn,15,30,5,0.1405,nd,MLV,
1,24,83,ancestral,mono,130,C2BM,corn,15,35,5,0.0903,nd,MLV,
1,24,83,ancestral,mono,130,C2BM,corn,15,40,5,0.0669,nd,MLV,
1,24,83,ancestral,mono,130,C2BM,corn,15,45,5,0.0649,nd,MLV,
1,24,83,ancestral,mono,130,C2BM,corn,15,50,6.5,0.0618,nd,MLV,
2,15,84,ancestral,mono,130,C2BM,corn,15,0,5,2.7559,nd,MLV,
2,15,84,ancestral,mono,130,C2BM,corn,15,5,5,2.0951,nd,MLV,
2,15,84,ancestral,mono,130,C2BM,corn,15,10,5,1.1633,nd,MLV,
2,15,84,ancestral,mono,130,C2BM,corn,15,15,5,0.6126,nd,MLV,
2,15,84,ancestral,mono,130,C2BM,corn,15,20,5,0.3077,nd,MLV,
2,15,84,ancestral,mono,130,C2BM,corn,15,25,5,0.2404,nd,MLV,
2,15,84,ancestral,mono,130,C2BM,corn,15,30,5,0.1503,nd,MLV,
2,15,84,ancestral,mono,130,C2BM,corn,15,35,5,0.1074,nd,MLV,
2,15,84,ancestral,mono,130,C2BM,corn,15,40,5,0.073,nd,MLV,
2,15,84,ancestral,mono,130,C2BM,corn,15,45,5,0.0973,nd,MLV,
2,15,84,ancestral,mono,130,C2BM,corn,15,50,7.5,0.149,nd,MLV,
1,3,85,ancestral ,mono,136,S1CDI,sellman,15.25,0,5,2.8456,,MLV,
1,3,85,ancestral ,mono,136,S1CDI,sellman,15.25,5,5,2.1167,,MLV,
1,3,85,ancestral ,mono,136,S1CDI,sellman,15.25,10,5,0.4867,,MLV,
1,3,85,ancestral ,mono,136,S1CDI,sellman,15.25,15,5,0.2454,,MLV,
1,3,85,ancestral ,mono,136,S1CDI,sellman,15.25,20,5,0.1423,,MLV,
1,3,85,ancestral ,mono,136,S1CDI,sellman,15.25,25,5,0.1607,,MLV,
1,3,85,ancestral ,mono,136,S1CDI,sellman,15.25,30,5,0.1105,,MLV,
1,3,85,ancestral ,mono,136,S1CDI,sellman,15.25,35,5,0.0714,,MLV,
1,3,85,ancestral ,mono,136,S1CDI,sellman,15.25,40,5,0.0616,,MLV,
1,3,85,ancestral ,mono,136,S1CDI,sellman,15.25,45,5,0.0269,,MLV,
1,3,85,ancestral ,mono,136,S1CDI,sellman,15.25,50,6.5,0.0155,,MLV,
2,17,86,ancestral ,mono,136,S1CDI,sellman,15.25,0,5,2.9396,nd,MLV,
2,17,86,ancestral ,mono,136,S1CDI,sellman,15.25,5,5,1.9158,nd,MLV,
2,17,86,ancestral ,mono,136,S1CDI,sellman,15.25,10,5,0.5935,nd,MLV,
2,17,86,ancestral ,mono,136,S1CDI,sellman,15.25,15,5,0.3837,nd,MLV,
2,17,86,ancestral ,mono,136,S1CDI,sellman,15.25,20,5,0.2493,nd,MLV,
2,17,86,ancestral ,mono,136,S1CDI,sellman,15.25,25,5,0.1944,nd,MLV,
2,17,86,ancestral ,mono,136,S1CDI,sellman,15.25,30,5,0.1105,nd,MLV,
2,17,86,ancestral ,mono,136,S1CDI,sellman,15.25,35,5,0.075,nd,MLV,
2,17,86,ancestral ,mono,136,S1CDI,sellman,15.25,40,5,0.0506,nd,MLV,
2,17,86,ancestral ,mono,136,S1CDI,sellman,15.25,45,5,0.0441,nd,MLV,
2,17,86,ancestral ,mono,136,S1CDI,sellman,15.25,50,6.5,0.0251,nd,MLV,
3,19,87,ancestral,mono,136,S1CDI,sellman,15.25,0,5,4.8122,nd,MLV,
3,19,87,ancestral,mono,136,S1CDI,sellman,15.25,5,5,1.4162,nd,MLV,
3,19,87,ancestral,mono,136,S1CDI,sellman,15.25,10,5,0.5532,nd,LO,
3,19,87,ancestral,mono,136,S1CDI,sellman,15.25,15,5,0.3262,nd,LO,
3,19,87,ancestral,mono,136,S1CDI,sellman,15.25,20,5,0.2035,nd,EA,
3,19,87,ancestral,mono,136,S1CDI,sellman,15.25,25,5,0.1254,nd,MLV,
3,19,87,ancestral,mono,136,S1CDI,sellman,15.25,30,5,0.1026,nd,MLV,
3,19,87,ancestral,mono,136,S1CDI,sellman,15.25,35,5,0.095,nd,MLV,
3,19,87,ancestral,mono,136,S1CDI,sellman,15.25,40,5,0.051,nd,LO,
3,19,87,ancestral,mono,136,S1CDI,sellman,15.25,45,5,0.0529,nd,MLV,
3,19,87,ancestral,mono,136,S1CDI,sellman,15.25,50,8.5,0.0376,nd,LO,
2,10,88,ancestral,mono,134,S1CSJ,sellman,15.25,0,5,2.5744,nd,MLV,
2,10,88,ancestral,mono,134,S1CSJ,sellman,15.25,5,5,1.7617,nd,MLV,
2,10,88,ancestral,mono,134,S1CSJ,sellman,15.25,10,5,0.6107,nd,MLV,
2,10,88,ancestral,mono,134,S1CSJ,sellman,15.25,15,5,0.349,nd,MLV,
2,10,88,ancestral,mono,134,S1CSJ,sellman,15.25,20,5,0.1857,nd,MLV,
2,10,88,ancestral,mono,134,S1CSJ,sellman,15.25,25,5,0.1492,nd,MLV,
2,10,88,ancestral,mono,134,S1CSJ,sellman,15.25,30,5,0.1068,nd,MLV,
2,10,88,ancestral,mono,134,S1CSJ,sellman,15.25,35,5,0.0696,nd,MLV,
2,10,88,ancestral,mono,134,S1CSJ,sellman,15.25,40,5,0.0693,nd,MLV,
2,10,88,ancestral,mono,134,S1CSJ,sellman,15.25,45,5,0.0418,nd,MLV,
2,10,88,ancestral,mono,134,S1CSJ,sellman,15.25,50,8,0.009,nd,MLV,
3,15,89,ancestral,mono,134,S1CSJ,sellman,15.25,0,5,2.4477,serc,MLV,
3,15,89,ancestral,mono,134,S1CSJ,sellman,15.25,5,5,0.9662,serc,MLV,
3,15,89,ancestral,mono,134,S1CSJ,sellman,15.25,10,5,0.4723,serc,MLV,
3,15,89,ancestral,mono,134,S1CSJ,sellman,15.25,15,5,0.1821,serc,HSK,
3,15,89,ancestral,mono,134,S1CSJ,sellman,15.25,20,5,0.1306,serc,MLV,
3,15,89,ancestral,mono,134,S1CSJ,sellman,15.25,25,5,0.1019,serc,HSK,
3,15,89,ancestral,mono,134,S1CSJ,sellman,15.25,30,5,0.0605,serc,MLV,
3,15,89,ancestral,mono,134,S1CSJ,sellman,15.25,35,5,0.0489,serc,MLV,
3,15,89,ancestral,mono,134,S1CSJ,sellman,15.25,40,5,0.0288,serc,MLV,
3,15,89,ancestral,mono,134,S1CSJ,sellman,15.25,45,5,0.036,serc,MLV,
3,15,89,ancestral,mono,134,S1CSJ,sellman,15.25,50,8,0.0089,serc,HSK,
4,20,90,ancestral,mono,134,S1CSJ,sellman,15.25,0,5,2.6057,nd,MLV,
4,20,90,ancestral,mono,134,S1CSJ,sellman,15.25,5,5,1.957,nd,MLV,
4,20,90,ancestral,mono,134,S1CSJ,sellman,15.25,10,5,0.694,nd,EA,
4,20,90,ancestral,mono,134,S1CSJ,sellman,15.25,15,5,0.3194,nd,MLV,
4,20,90,ancestral,mono,134,S1CSJ,sellman,15.25,20,5,0.2697,nd,MLV,
4,20,90,ancestral,mono,134,S1CSJ,sellman,15.25,25,5,0.2144,nd,EA,
4,20,90,ancestral,mono,134,S1CSJ,sellman,15.25,30,5,0.2587,nd,MLV,
4,20,90,ancestral,mono,134,S1CSJ,sellman,15.25,35,5,0.0886,nd,MLV,
4,20,90,ancestral,mono,134,S1CSJ,sellman,15.25,40,5,0.0913,nd,MLV,
4,20,90,ancestral,mono,134,S1CSJ,sellman,15.25,45,5,0.0232,nd,MLV,
4,20,90,ancestral,mono,134,S1CSJ,sellman,15.25,50,6,0.0205,nd,MLV,
1,12,91,ancestral,mono,138,C2BL,corn,16.75,0,5,1.9152,nd,BB,
1,12,91,ancestral,mono,138,C2BL,corn,16.75,5,5,2.2328,nd,BB,
1,12,91,ancestral,mono,138,C2BL,corn,16.75,10,5,1.1837,nd,LO,
1,12,91,ancestral,mono,138,C2BL,corn,16.75,15,5,0.3219,nd,AA,
1,12,91,ancestral,mono,138,C2BL,corn,16.75,20,5,0.1135,nd,LO,
1,12,91,ancestral,mono,138,C2BL,corn,16.75,25,5,0.1814,nd,LO,
1,12,91,ancestral,mono,138,C2BL,corn,16.75,30,5,0.2473,nd,LO,
1,12,91,ancestral,mono,138,C2BL,corn,16.75,35,5,0.1128,nd,AA,
1,12,91,ancestral,mono,138,C2BL,corn,16.75,40,5,0.0917,nd,AA,
1,12,91,ancestral,mono,138,C2BL,corn,16.75,45,5,0.0614,nd,AA,
1,12,91,ancestral,mono,138,C2BL,corn,16.75,50,7.5,0.0622,nd,LO,
2,19,92,ancestral,mono,138,C2BL,corn,16.75,0,5,2.8041,nd,MLV,
2,19,92,ancestral,mono,138,C2BL,corn,16.75,5,5,2.0747,nd,MLV,
2,19,92,ancestral,mono,138,C2BL,corn,16.75,10,5,1.2098,nd,MLV,
2,19,92,ancestral,mono,138,C2BL,corn,16.75,15,5,0.6584,nd,MLV,
2,19,92,ancestral,mono,138,C2BL,corn,16.75,20,5,0.2927,nd,MLV,
2,19,92,ancestral,mono,138,C2BL,corn,16.75,25,5,0.1395,nd,MLV,
2,19,92,ancestral,mono,138,C2BL,corn,16.75,30,5,0.1092,nd,MLV,
2,19,92,ancestral,mono,138,C2BL,corn,16.75,35,5,0.0988,nd,MLV,
2,19,92,ancestral,mono,138,C2BL,corn,16.75,40,5,0.0604,nd,MLV,
2,19,92,ancestral,mono,138,C2BL,corn,16.75,45,5,0.0566,nd,MLV,
2,19,92,ancestral,mono,138,C2BL,corn,16.75,50,8,0.0376,nd,MLV,
1,5,94,ancestral,mono,135,C4BM,corn,10.25,0,5,1.1065,nd,MLV,
1,5,94,ancestral,mono,135,C4BM,corn,10.25,5,5,0.7724,nd,MLV,
1,5,94,ancestral,mono,135,C4BM,corn,10.25,10,5,0.475,nd,MLV,
1,5,94,ancestral,mono,135,C4BM,corn,10.25,15,5,0.2788,nd,MLV,
1,5,94,ancestral,mono,135,C4BM,corn,10.25,20,5,0.1594,nd,MLV,
1,5,94,ancestral,mono,135,C4BM,corn,10.25,25,5,0.0638,nd,MLV,
1,5,94,ancestral,mono,135,C4BM,corn,10.25,30,5,0.0599,nd,MLV,
1,5,94,ancestral,mono,135,C4BM,corn,10.25,35,5,0.0389,nd,MLV,
1,5,94,ancestral,mono,135,C4BM,corn,10.25,40,5,0.0139,nd,MLV,
1,5,94,ancestral,mono,135,C4BM,corn,10.25,45,5,0.0081,nd,MLV,
1,5,94,ancestral,mono,135,C4BM,corn,10.25,50,6,0.0134,nd,MLV,
3,3,95,ancestral,mono,135,C4BM,corn,10.25,0,5,1.0918,,MLV,
3,3,95,ancestral,mono,135,C4BM,corn,10.25,5,5,1.3213,,MLV,
3,3,95,ancestral,mono,135,C4BM,corn,10.25,10,5,0.771,,MLV,
3,3,95,ancestral,mono,135,C4BM,corn,10.25,15,5,0.2739,,MLV,
3,3,95,ancestral,mono,135,C4BM,corn,10.25,20,5,0.1451,,MLV,
3,3,95,ancestral,mono,135,C4BM,corn,10.25,25,5,0.0694,,MLV,
3,3,95,ancestral,mono,135,C4BM,corn,10.25,30,5,0.0507,,MLV,
3,3,95,ancestral,mono,135,C4BM,corn,10.25,35,5,0.0239,,MLV,
3,3,95,ancestral,mono,135,C4BM,corn,10.25,40,5,0.0386,,MLV,
3,3,95,ancestral,mono,135,C4BM,corn,10.25,45,5,0.0226,,MLV,
3,3,95,ancestral,mono,135,C4BM,corn,10.25,50,7,0.0137,,MLV,
4,19,96,ancestral,mono,135,C4BM,corn,10.25,0,5,3.4269,nd,MLV,
4,19,96,ancestral,mono,135,C4BM,corn,10.25,5,5,1.5,nd,MLV,
4,19,96,ancestral,mono,135,C4BM,corn,10.25,10,5,1.2566,nd,MLV,
4,19,96,ancestral,mono,135,C4BM,corn,10.25,15,5,0.5758,nd,MLV,
4,19,96,ancestral,mono,135,C4BM,corn,10.25,20,5,0.2508,nd,MLV,
4,19,96,ancestral,mono,135,C4BM,corn,10.25,25,5,0.1831,nd,MLV,
4,19,96,ancestral,mono,135,C4BM,corn,10.25,30,5,0.1466,nd,MLV,
4,19,96,ancestral,mono,135,C4BM,corn,10.25,35,5,0.1038,nd,MLV,
4,19,96,ancestral,mono,135,C4BM,corn,10.25,40,5,0.0713,nd,MLV,
4,19,96,ancestral,mono,135,C4BM,corn,10.25,45,5,0.0347,nd,MLV,
4,19,96,ancestral,mono,135,C4BM,corn,10.25,50,7,0.0181,nd,MLV,
3,4,9,ancestral,poly,NA,NA,NA,NA,0,5,2.7493,nd,MLV,
3,4,9,ancestral,poly,NA,NA,NA,NA,5,5,1.8927,nd,MLV,
3,4,9,ancestral,poly,NA,NA,NA,NA,10,5,0.7122,nd,MLV,
3,4,9,ancestral,poly,NA,NA,NA,NA,15,5,0.6874,nd,MLV,
3,4,9,ancestral,poly,NA,NA,NA,NA,20,5,0.3091,nd,MLV,
3,4,9,ancestral,poly,NA,NA,NA,NA,25,5,0.1685,nd,MLV,
3,4,9,ancestral,poly,NA,NA,NA,NA,30,5,0.1203,nd,MLV,
3,4,9,ancestral,poly,NA,NA,NA,NA,35,5,0.098,nd,MLV,
3,4,9,ancestral,poly,NA,NA,NA,NA,40,5,0.0667,nd,MLV,
3,4,9,ancestral,poly,NA,NA,NA,NA,45,5,0.053,nd,MLV,
3,4,9,ancestral,poly,NA,NA,NA,NA,50,8,0.0822,nd,MLV,
4,1,93,ancestral,mono,138,C2BL,corn,16.75,0,5,2.7558,nd,MLV,
4,1,93,ancestral,mono,138,C2BL,corn,16.75,5,5,1.8865,nd,MLV,
4,1,93,ancestral,mono,138,C2BL,corn,16.75,10,5,0.7657,nd,MLV,
4,1,93,ancestral,mono,138,C2BL,corn,16.75,15,5,0.619,nd,MLV,
4,1,93,ancestral,mono,138,C2BL,corn,16.75,20,5,0.1852,nd,MLV,
4,1,93,ancestral,mono,138,C2BL,corn,16.75,25,5,0.1215,nd,MLV,
4,1,93,ancestral,mono,138,C2BL,corn,16.75,30,5,0.0915,nd,MLV,
4,1,93,ancestral,mono,138,C2BL,corn,16.75,35,5,0.0487,nd,MLV,
4,1,93,ancestral,mono,138,C2BL,corn,16.75,40,5,0.0435,nd,MLV,
4,1,93,ancestral,mono,138,C2BL,corn,16.75,45,5,0.0283,nd,MLV,
4,1,93,ancestral,mono,138,C2BL,corn,16.75,50,7,0.0212,nd,MLV,