pot_no,genotype,provenance,age,elevation,salinity,co2,comp,agb_scam,total_bg
1,cm4,corn,modern,0.533,fresh,ambient,1,0.466,2.694
2,ka5,kirkpatrick,ancestral,0.533,fresh,ambient,0,2.169,4.647
3,b3,blackwater,modern,0.533,fresh,ambient,0,2.777,5.4079999999999995
4,cm3,corn,modern,0.533,fresh,ambient,0,3.019,7.052
5,ca1,corn,ancestral,0.533,fresh,ambient,0,0.825,2.477
6,cm1,corn,modern,0.533,fresh,ambient,0,4.6979999999999995,7.433
7,km5,kirkpatrick,modern,0.533,fresh,ambient,0,5.192,8.528
8,ca7,corn,ancestral,0.533,fresh,ambient,1,3.7319999999999998,11.101
9,cm6,corn,modern,0.43033333333333335,fresh,ambient,1,5.838,10.592
10,cm10,corn,modern,0.43033333333333335,fresh,ambient,0,5.9750000000000005,8.091
11,cm2,corn,modern,0.43033333333333335,fresh,ambient,0,3.453,5.549
12,ca4,corn,ancestral,0.43033333333333335,fresh,ambient,1,5.796,10.432
13,ca8,corn,ancestral,0.43033333333333335,fresh,ambient,1,6.928,9.845
14,km6,kirkpatrick,modern,0.43033333333333335,fresh,ambient,0,4.382,5.4830000000000005
15,ka4,kirkpatrick,ancestral,0.43033333333333335,fresh,ambient,0,7.572,14.134
16,ca7,corn,ancestral,0.43033333333333335,fresh,ambient,0,5.569,12.359
17,cm7,corn,modern,0.32833333333333337,fresh,ambient,0,4.160942397316118,6.183
18,ca8,corn,ancestral,0.32833333333333337,fresh,ambient,1,9.624,10.188
19,ca6,corn,ancestral,0.32833333333333337,fresh,ambient,0,5.247976296979281,7.6450000000000005
20,cm5,corn,modern,0.32833333333333337,fresh,ambient,0,5.138937080792796,6.102
21,ka6,kirkpatrick,ancestral,0.32833333333333337,fresh,ambient,0,5.795,6.747
22,cm1,corn,modern,0.32833333333333337,fresh,ambient,1,4.3100000000000005,5.92
23,km2,kirkpatrick,modern,0.32833333333333337,fresh,ambient,0,7.567,9.515
24,ca5,corn,ancestral,0.32833333333333337,fresh,ambient,1,5.737,6.236
25,ca10,corn,ancestral,0.23233333333333336,fresh,ambient,1,3.574,3.073
26,ca4,corn,ancestral,0.23233333333333336,fresh,ambient,0,6.852689623211032,7.004
27,km1,kirkpatrick,modern,0.23233333333333336,fresh,ambient,0,8.508000000000001,9.387
28,cm8,corn,modern,0.23233333333333336,fresh,ambient,1,0,0.797
29,ca3,corn,ancestral,0.23233333333333336,fresh,ambient,1,0,0.9570000000000001
30,cm4,corn,modern,0.23233333333333336,fresh,ambient,0,4.746553395528888,5.226000000000001
31,cm3,corn,modern,0.23233333333333336,fresh,ambient,0,8.331902772010398,10.335999999999999
32,b2,blackwater,modern,0.23233333333333336,fresh,ambient,0,0,NA
33,ca2,corn,ancestral,0.11900000000000004,fresh,ambient,1,0,NA
34,cm7,corn,modern,0.11900000000000004,fresh,ambient,1,0,NA
35,ca9,corn,ancestral,0.11900000000000004,fresh,ambient,0,0,NA
36,ka2,kirkpatrick,ancestral,0.11900000000000004,fresh,ambient,0,0,NA
37,cm9,corn,modern,0.11900000000000004,fresh,ambient,1,2.238,1.187
38,km5,kirkpatrick,modern,0.11900000000000004,fresh,ambient,0,0,NA
39,ca10,corn,ancestral,0.11900000000000004,fresh,ambient,0,0,NA
40,cm6,corn,modern,0.11900000000000004,fresh,ambient,0,2.157,2.089
41,b4,blackwater,modern,0.01666666666666669,fresh,ambient,0,0,NA
42,km3,kirkpatrick,modern,0.01666666666666669,fresh,ambient,0,0,NA
43,ka1,kirkpatrick,ancestral,0.01666666666666669,fresh,ambient,0,0,NA
44,cm10,corn,modern,0.01666666666666669,fresh,ambient,1,0,NA
45,ca1,corn,ancestral,0.01666666666666669,fresh,ambient,0,0,NA
46,ca10,corn,ancestral,0.01666666666666669,fresh,ambient,1,0,NA
47,cm2,corn,modern,0.01666666666666669,fresh,ambient,0,0,NA
48,ca2,corn,ancestral,0.01666666666666669,fresh,ambient,1,0,NA
49,cm1,corn,modern,0.518,fresh,elevated,1,1.419,7.132
50,ca6,corn,ancestral,0.518,fresh,elevated,1,0.881,4.838
51,km2,kirkpatrick,modern,0.518,fresh,elevated,0,4.026,7.425
52,ca3,corn,ancestral,0.518,fresh,elevated,0,2.77,8.568999999999999
53,ka6,kirkpatrick,ancestral,0.518,fresh,elevated,0,3.8369999999999997,6.716
54,ca7,corn,ancestral,0.518,fresh,elevated,0,5.628,11.643
55,cm7,corn,modern,0.518,fresh,elevated,1,0.687,6.54
56,cm6,corn,modern,0.518,fresh,elevated,0,3.613,9.370000000000001
57,cm7,corn,modern,0.4086666666666667,fresh,elevated,0,3.96,6.556
58,cm8,corn,modern,0.4086666666666667,fresh,elevated,1,1.853,5.828
59,ka4,kirkpatrick,ancestral,0.4086666666666667,fresh,elevated,0,3.261,7.719
60,ca1,corn,ancestral,0.4086666666666667,fresh,elevated,1,2.3169999999999997,4.755
61,ca6,corn,ancestral,0.4086666666666667,fresh,elevated,1,4.201,10.291
62,ca5,corn,ancestral,0.4086666666666667,fresh,elevated,0,4.625,12.001
63,cm10,corn,modern,0.4086666666666667,fresh,elevated,0,6.812,10.286
64,km3,kirkpatrick,modern,0.4086666666666667,fresh,elevated,0,8.413,16.029
65,b2,blackwater,modern,0.30733333333333335,fresh,elevated,0,5.867999999999999,7.263000000000001
66,km5,kirkpatrick,modern,0.30733333333333335,fresh,elevated,0,7.398999999999999,10.828
67,ca8,corn,ancestral,0.30733333333333335,fresh,elevated,0,6.718019824450602,8.012
68,ka6,kirkpatrick,ancestral,0.30733333333333335,fresh,elevated,0,9.63,12.771
69,ca4,corn,ancestral,0.30733333333333335,fresh,elevated,1,6.477,9.350999999999999
70,ca2,corn,ancestral,0.30733333333333335,fresh,elevated,0,5.874070208266427,4.6370000000000005
71,cm2,corn,modern,0.30733333333333335,fresh,elevated,1,7.502000000000001,13.08
72,cm4,corn,modern,0.30733333333333335,fresh,elevated,0,6.972066173397092,11.579
73,ca7,corn,ancestral,0.20966666666666667,fresh,elevated,0,11.03679110377734,10.892
74,ka3,kirkpatrick,ancestral,0.20966666666666667,fresh,elevated,0,7.284999999999999,6.451
75,cm10,corn,modern,0.20966666666666667,fresh,elevated,0,5.19272249082046,4.9270000000000005
76,ca5,corn,ancestral,0.20966666666666667,fresh,elevated,1,11.371,12.947000000000001
77,km4,kirkpatrick,modern,0.20966666666666667,fresh,elevated,0,15.244000000000002,13.875
78,ca4,corn,ancestral,0.20966666666666667,fresh,elevated,1,6.101999999999999,6.476
79,cm4,corn,modern,0.20966666666666667,fresh,elevated,1,5.628,6.312
80,cm2,corn,modern,0.20966666666666667,fresh,elevated,0,7.283334759186548,7.902
81,km4,kirkpatrick,modern,0.09899999999999999,fresh,elevated,0,0,0.398
82,ca9,corn,ancestral,0.09899999999999999,fresh,elevated,1,0,NA
83,ca4,corn,ancestral,0.09899999999999999,fresh,elevated,0,0,NA
84,ca10,corn,ancestral,0.09899999999999999,fresh,elevated,0,0,NA
85,cm10,corn,modern,0.09899999999999999,fresh,elevated,0,0,0.16
86,cm3,corn,modern,0.09899999999999999,fresh,elevated,1,0,NA
87,b1,blackwater,modern,0.09899999999999999,fresh,elevated,0,3.734,2.928
88,cm6,corn,modern,0.09899999999999999,fresh,elevated,1,4.131,3.285
89,ca8,corn,ancestral,-0.001333333333333353,fresh,elevated,1,0,NA
90,b2,blackwater,modern,-0.001333333333333353,fresh,elevated,0,0,NA
91,cm10,corn,modern,-0.001333333333333353,fresh,elevated,1,0,NA
92,ca3,corn,ancestral,-0.001333333333333353,fresh,elevated,0,0,NA
93,cm9,corn,modern,-0.001333333333333353,fresh,elevated,0,0,NA
94,ka2,kirkpatrick,ancestral,-0.001333333333333353,fresh,elevated,0,0,NA
95,ca1,corn,ancestral,-0.001333333333333353,fresh,elevated,1,0,0.178
96,cm4,corn,modern,-0.001333333333333353,fresh,elevated,0,0,NA
97,km4,kirkpatrick,modern,0.526,fresh,ambient,0,2.405,5.06
98,cm8,corn,modern,0.526,fresh,ambient,0,1.186,5.5520000000000005
99,cm7,corn,modern,0.526,fresh,ambient,0,1.4549999999999998,5.332
100,ca2,corn,ancestral,0.526,fresh,ambient,1,2.083,9.055
101,cm4,corn,modern,0.526,fresh,ambient,1,0.01,6.111
102,ca5,corn,ancestral,0.526,fresh,ambient,0,3.591,6.718999999999999
103,ka3,kirkpatrick,ancestral,0.526,fresh,ambient,0,2.412,9.456
104,ca8,corn,ancestral,0.526,fresh,ambient,1,2.33,8.438
105,ka1,kirkpatrick,ancestral,0.4116666666666667,fresh,ambient,0,1.546,1.635
106,cm7,corn,modern,0.4116666666666667,fresh,ambient,1,0.9480000000000001,6.27
107,ca1,corn,ancestral,0.4116666666666667,fresh,ambient,0,4.175,9.131
108,ca10,corn,ancestral,0.4116666666666667,fresh,ambient,0,0,NA
109,cm10,corn,modern,0.4116666666666667,fresh,ambient,1,3.98,7.75
110,km1,kirkpatrick,modern,0.4116666666666667,fresh,ambient,0,6.2860000000000005,12.987
111,ca3,corn,ancestral,0.4116666666666667,fresh,ambient,1,4.755,9.971
112,cm4,corn,modern,0.4116666666666667,fresh,ambient,0,4.036,10.872
113,km5,kirkpatrick,modern,0.31433333333333335,fresh,ambient,0,7.551,7.441000000000001
114,cm4,corn,modern,0.31433333333333335,fresh,ambient,1,6.885,10.396
115,cm2,corn,modern,0.31433333333333335,fresh,ambient,0,11.94394543530545,15.361
116,cm9,corn,modern,0.31433333333333335,fresh,ambient,0,13.618199663964154,13.661
117,ka6,kirkpatrick,ancestral,0.31433333333333335,fresh,ambient,0,9.689,10.696000000000002
118,ca3,corn,ancestral,0.31433333333333335,fresh,ambient,1,7.182,10.344
119,ca9,corn,ancestral,0.31433333333333335,fresh,ambient,1,6.662,11.578000000000001
120,ca4,corn,ancestral,0.31433333333333335,fresh,ambient,0,8.154746034409369,11.824
121,cm1,corn,modern,0.20933333333333337,fresh,ambient,0,1.9480071941486499,1.4020000000000001
122,ca7,corn,ancestral,0.20933333333333337,fresh,ambient,1,10.139,9.122
123,cm10,corn,modern,0.20933333333333337,fresh,ambient,1,0,NA
124,ca10,corn,ancestral,0.20933333333333337,fresh,ambient,0,10.282318670843289,9.895
125,ka2,kirkpatrick,ancestral,0.20933333333333337,fresh,ambient,0,5.0120000000000005,4.465
126,cm9,corn,modern,0.20933333333333337,fresh,ambient,0,8.777651918600576,8.554
127,ca6,corn,ancestral,0.20933333333333337,fresh,ambient,0,0,NA
128,b2,blackwater,modern,0.20933333333333337,fresh,ambient,0,0.026999999999999996,0.505
129,ca5,corn,ancestral,0.1006666666666667,fresh,ambient,0,3.232,2.5140000000000002
130,cm10,corn,modern,0.1006666666666667,fresh,ambient,0,0,0.109
131,cm2,corn,modern,0.1006666666666667,fresh,ambient,1,0,NA
132,ca2,corn,ancestral,0.1006666666666667,fresh,ambient,1,3.967,2.617
133,b4,blackwater,modern,0.1006666666666667,fresh,ambient,0,1.7009999999999998,1.071
134,km3,kirkpatrick,modern,0.1006666666666667,fresh,ambient,0,0,NA
135,ka5,kirkpatrick,ancestral,0.1006666666666667,fresh,ambient,0,0,0.197
136,cm8,corn,modern,0.1006666666666667,fresh,ambient,1,0,NA
137,cm9,corn,modern,-0.0026666666666666367,fresh,ambient,1,0,NA
138,ca4,corn,ancestral,-0.0026666666666666367,fresh,ambient,0,0,NA
139,ca6,corn,ancestral,-0.0026666666666666367,fresh,ambient,1,0,NA
140,b3,blackwater,modern,-0.0026666666666666367,fresh,ambient,0,0,NA
141,km2,kirkpatrick,modern,-0.0026666666666666367,fresh,ambient,0,0,NA
142,cm1,corn,modern,-0.0026666666666666367,fresh,ambient,1,0,NA
143,cm4,corn,modern,-0.0026666666666666367,fresh,ambient,0,0,NA
144,ca10,corn,ancestral,-0.0026666666666666367,fresh,ambient,0,0,NA
145,ka6,kirkpatrick,ancestral,0.49566666666666664,fresh,ambient,0,2.637,3.976
146,km6,kirkpatrick,modern,0.49566666666666664,fresh,ambient,0,5.279,8.372
147,b1,blackwater,modern,0.49566666666666664,fresh,ambient,0,2.527,3.661
148,ca9,corn,ancestral,0.49566666666666664,fresh,ambient,1,3.36,8.538
149,cm2,corn,modern,0.49566666666666664,fresh,ambient,0,3.479,8.666
150,ca3,corn,ancestral,0.49566666666666664,fresh,ambient,0,3.6479999999999997,6.648
151,ca10,corn,ancestral,0.49566666666666664,fresh,ambient,1,1.281,7.593
152,cm10,corn,modern,0.49566666666666664,fresh,ambient,1,0.035,5.027
153,cm9,corn,modern,0.3956666666666666,fresh,ambient,1,3.795,8.167
154,cm7,corn,modern,0.3956666666666666,fresh,ambient,0,4.9399999999999995,6.388999999999999
155,km5,kirkpatrick,modern,0.3956666666666666,fresh,ambient,0,6.587,9.376999999999999
156,b2,blackwater,modern,0.3956666666666666,fresh,ambient,0,6.867000000000001,9.677999999999999
157,ca6,corn,ancestral,0.3956666666666666,fresh,ambient,0,5.89,11.892
158,ca8,corn,ancestral,0.3956666666666666,fresh,ambient,0,6.568,9.606
159,ca10,corn,ancestral,0.3956666666666666,fresh,ambient,1,5.606,10.727
160,cm1,corn,modern,0.3956666666666666,fresh,ambient,1,0,2.947
161,ka6,kirkpatrick,ancestral,0.2863333333333333,fresh,ambient,0,2.377,2.262
162,ca10,corn,ancestral,0.2863333333333333,fresh,ambient,1,10.093,14.912
163,b4,blackwater,modern,0.2863333333333333,fresh,ambient,0,8.645,12.95
164,cm1,corn,modern,0.2863333333333333,fresh,ambient,0,5.539946644952764,3.9280000000000004
165,ca2,corn,ancestral,0.2863333333333333,fresh,ambient,0,14.199333942765412,7.7410000000000005
166,cm8,corn,modern,0.2863333333333333,fresh,ambient,1,5.773,7.78
167,km3,kirkpatrick,modern,0.2863333333333333,fresh,ambient,0,0.9089999999999999,1.467
168,cm6,corn,modern,0.2863333333333333,fresh,ambient,1,6.533,8.427
169,cm2,corn,modern,0.1836666666666666,fresh,ambient,1,4.07,5.087
170,ca1,corn,ancestral,0.1836666666666666,fresh,ambient,0,4.010357840117566,4.121
171,ka3,kirkpatrick,ancestral,0.1836666666666666,fresh,ambient,0,5.355,6.298
172,km1,kirkpatrick,modern,0.1836666666666666,fresh,ambient,0,10.792,14.335
173,cm9,corn,modern,0.1836666666666666,fresh,ambient,1,7.138,6.856
174,cm5,corn,modern,0.1836666666666666,fresh,ambient,0,10.420967411392812,11.955
175,ca4,corn,ancestral,0.1836666666666666,fresh,ambient,1,4.441,4.8870000000000005
176,ca5,corn,ancestral,0.1836666666666666,fresh,ambient,0,12.54013109269258,6.05
177,ca4,corn,ancestral,0.07299999999999993,fresh,ambient,0,0,NA
178,ca8,corn,ancestral,0.07299999999999993,fresh,ambient,1,0,0.414
179,cm4,corn,modern,0.07299999999999993,fresh,ambient,1,0,NA
180,b1,blackwater,modern,0.07299999999999993,fresh,ambient,0,0,NA
181,cm3,corn,modern,0.07299999999999993,fresh,ambient,0,0,NA
182,ka1,kirkpatrick,ancestral,0.07299999999999993,fresh,ambient,0,0,NA
183,ca1,corn,ancestral,0.07299999999999993,fresh,ambient,1,1.569,1.393
184,cm8,corn,modern,0.07299999999999993,fresh,ambient,0,0,NA
185,ca3,corn,ancestral,-0.028333333333333405,fresh,ambient,1,0,NA
186,km5,kirkpatrick,modern,-0.028333333333333405,fresh,ambient,0,0,NA
187,cm6,corn,modern,-0.028333333333333405,fresh,ambient,0,0,NA
188,ca9,corn,ancestral,-0.028333333333333405,fresh,ambient,0,0,NA
189,ka6,kirkpatrick,ancestral,-0.028333333333333405,fresh,ambient,0,0,NA
190,ca7,corn,ancestral,-0.028333333333333405,fresh,ambient,0,0,0.348
191,cm7,corn,modern,-0.028333333333333405,fresh,ambient,1,0,NA
192,cm3,corn,modern,-0.028333333333333405,fresh,ambient,1,0,NA
193,ca10,corn,ancestral,0.504,fresh,elevated,1,0.6579999999999999,6.279
194,b2,blackwater,modern,0.504,fresh,elevated,0,3.295,9.497
195,ca2,corn,ancestral,0.504,fresh,elevated,0,3.367,11.103
196,cm2,corn,modern,0.504,fresh,elevated,0,1.9969999999999999,6.799
197,km1,kirkpatrick,modern,0.504,fresh,elevated,0,5.456,11.790999999999999
198,cm3,corn,modern,0.504,fresh,elevated,1,2.5989999999999998,8.714
199,cm10,corn,modern,0.504,fresh,elevated,1,3.417,9.816
200,ka4,kirkpatrick,ancestral,0.504,fresh,elevated,0,2.377,9.384
201,km6,kirkpatrick,modern,0.3973333333333333,fresh,elevated,0,6.096,11.177
202,ca8,corn,ancestral,0.3973333333333333,fresh,elevated,0,0,NA
203,b4,blackwater,modern,0.3973333333333333,fresh,elevated,0,6.026000000000001,13.459999999999999
204,cm4,corn,modern,0.3973333333333333,fresh,elevated,0,5.127,15.145999999999999
205,ca2,corn,ancestral,0.3973333333333333,fresh,elevated,0,7.287000000000001,NA
206,ca4,corn,ancestral,0.3973333333333333,fresh,elevated,1,4.909,12.711
207,cm9,corn,modern,0.3973333333333333,fresh,elevated,1,6.194999999999999,15.389999999999999
208,ka2,kirkpatrick,ancestral,0.3973333333333333,fresh,elevated,0,10.665,20.771
209,ca10,corn,ancestral,0.29666666666666663,fresh,elevated,1,2.868,3.7870000000000004
210,cm10,corn,modern,0.29666666666666663,fresh,elevated,0,12.46087820181262,15.237
211,ka5,kirkpatrick,ancestral,0.29666666666666663,fresh,elevated,0,5.6240000000000006,7.917
212,b2,blackwater,modern,0.29666666666666663,fresh,elevated,0,7.889,10.054
213,ca6,corn,ancestral,0.29666666666666663,fresh,elevated,1,3.675,10.577
214,ca7,corn,ancestral,0.29666666666666663,fresh,elevated,0,8.137433733217444,11.742
215,cm8,corn,modern,0.29666666666666663,fresh,elevated,1,0.068,2.559
216,cm6,corn,modern,0.29666666666666663,fresh,elevated,0,8.58574188722413,12.757000000000001
217,cm1,corn,modern,0.19899999999999995,fresh,elevated,1,7.295,7.668
218,km3,kirkpatrick,modern,0.19899999999999995,fresh,elevated,0,13.171999999999999,15.549
219,ca4,corn,ancestral,0.19899999999999995,fresh,elevated,1,8.125,9.017
220,cm9,corn,modern,0.19899999999999995,fresh,elevated,1,0,NA
221,ca3,corn,ancestral,0.19899999999999995,fresh,elevated,0,1.8539299462701035,0.815
222,cm3,corn,modern,0.19899999999999995,fresh,elevated,0,13.691917213031086,16.334
223,b3,blackwater,modern,0.19899999999999995,fresh,elevated,0,9.014999999999999,10.367
224,ca10,corn,ancestral,0.19899999999999995,fresh,elevated,0,0,NA
225,km6,kirkpatrick,modern,0.08933333333333329,fresh,elevated,0,0,NA
226,cm7,corn,modern,0.08933333333333329,fresh,elevated,0,0,NA
227,ka1,kirkpatrick,ancestral,0.08933333333333329,fresh,elevated,0,0,NA
228,ca3,corn,ancestral,0.08933333333333329,fresh,elevated,1,2.447,1.857
229,ca5,corn,ancestral,0.08933333333333329,fresh,elevated,0,6.266,4.6579999999999995
230,ca4,corn,ancestral,0.08933333333333329,fresh,elevated,1,0,NA
231,cm9,corn,modern,0.08933333333333329,fresh,elevated,0,0,NA
232,cm1,corn,modern,0.08933333333333329,fresh,elevated,1,0,NA
233,cm7,corn,modern,-0.01400000000000004,fresh,elevated,1,0,NA
234,ka6,kirkpatrick,ancestral,-0.01400000000000004,fresh,elevated,0,0,NA
235,ca2,corn,ancestral,-0.01400000000000004,fresh,elevated,1,0,NA
236,ca10,corn,ancestral,-0.01400000000000004,fresh,elevated,0,0,NA
237,cm5,corn,modern,-0.01400000000000004,fresh,elevated,0,0,NA
238,cm2,corn,modern,-0.01400000000000004,fresh,elevated,1,0,NA
239,km5,kirkpatrick,modern,-0.01400000000000004,fresh,elevated,0,0,NA
240,ca4,corn,ancestral,-0.01400000000000004,fresh,elevated,0,0,NA
241,ca4,corn,ancestral,0.5093333333333333,fresh,elevated,0,2.993,6.7620000000000005
242,ca5,corn,ancestral,0.5093333333333333,fresh,elevated,1,0.281,9.306
243,ka3,kirkpatrick,ancestral,0.5093333333333333,fresh,elevated,0,4.914,10.993
244,cm9,corn,modern,0.5093333333333333,fresh,elevated,1,2.9339999999999997,10.298
245,cm4,corn,modern,0.5093333333333333,fresh,elevated,1,2.243,9.618
246,b1,blackwater,modern,0.5093333333333333,fresh,elevated,0,3.898,9.189
247,cm5,corn,modern,0.5093333333333333,fresh,elevated,0,6.564,12.889
248,ca10,corn,ancestral,0.5093333333333333,fresh,elevated,0,0,NA
249,b3,blackwater,modern,0.408,fresh,elevated,0,4.601999999999999,11.244
250,cm2,corn,modern,0.408,fresh,elevated,0,5.18,11.704
251,ca10,corn,ancestral,0.408,fresh,elevated,1,6.556,12.631
252,cm3,corn,modern,0.408,fresh,elevated,0,4.8870000000000005,6.204
253,ca4,corn,ancestral,0.408,fresh,elevated,0,4.495,8.206
254,ca3,corn,ancestral,0.408,fresh,elevated,1,1.8079999999999998,6.002
255,km1,kirkpatrick,modern,0.408,fresh,elevated,0,7.408,12.47
256,cm6,corn,modern,0.408,fresh,elevated,1,5.1049999999999995,13.312
257,ka1,kirkpatrick,ancestral,0.30233333333333334,fresh,elevated,0,9.421,12.907
258,ca5,corn,ancestral,0.30233333333333334,fresh,elevated,1,10.456000000000001,14.209999999999999
259,km4,kirkpatrick,modern,0.30233333333333334,fresh,elevated,0,7.38,11.408
260,cm5,corn,modern,0.30233333333333334,fresh,elevated,0,10.348362676403026,16.887
261,cm9,corn,modern,0.30233333333333334,fresh,elevated,1,10.419,17.869
262,ca9,corn,ancestral,0.30233333333333334,fresh,elevated,0,0,NA
263,ca1,corn,ancestral,0.30233333333333334,fresh,elevated,0,9.40955409013036,17.002
264,cm1,corn,modern,0.30233333333333334,fresh,elevated,1,3.642,3.7990000000000004
265,cm4,corn,modern,0.202,fresh,elevated,1,7.692,9.668
266,ca10,corn,ancestral,0.202,fresh,elevated,0,0,NA
267,cm10,corn,modern,0.202,fresh,elevated,0,0,NA
268,ca8,corn,ancestral,0.202,fresh,elevated,1,5.974,6.3309999999999995
269,cm4,corn,modern,0.202,fresh,elevated,0,4.972583872779404,6.009
270,ca1,corn,ancestral,0.202,fresh,elevated,1,4.776,7.911
271,km6,kirkpatrick,modern,0.202,fresh,elevated,0,0,NA
272,ka5,kirkpatrick,ancestral,0.202,fresh,elevated,0,8.813,12.33
273,ca8,corn,ancestral,0.09566666666666668,fresh,elevated,0,0,NA
274,b4,blackwater,modern,0.09566666666666668,fresh,elevated,0,0,NA
275,ca4,corn,ancestral,0.09566666666666668,fresh,elevated,1,0,NA
276,cm10,corn,modern,0.09566666666666668,fresh,elevated,0,0,NA
277,cm2,corn,modern,0.09566666666666668,fresh,elevated,1,0,NA
278,ka6,kirkpatrick,ancestral,0.09566666666666668,fresh,elevated,0,0,NA
279,km5,kirkpatrick,modern,0.09566666666666668,fresh,elevated,0,0,NA
280,ca2,corn,ancestral,0.09566666666666668,fresh,elevated,0,0,NA
281,cm10,corn,modern,-0.0059999999999999915,fresh,elevated,0,0,NA
282,ca4,corn,ancestral,-0.0059999999999999915,fresh,elevated,0,0,NA
283,cm1,corn,modern,-0.0059999999999999915,fresh,elevated,1,0,NA
284,ca7,corn,ancestral,-0.0059999999999999915,fresh,elevated,1,0,NA
285,b3,blackwater,modern,-0.0059999999999999915,fresh,elevated,0,0,NA
286,ka5,kirkpatrick,ancestral,-0.0059999999999999915,fresh,elevated,0,0,NA
287,km5,kirkpatrick,modern,-0.0059999999999999915,fresh,elevated,0,0,NA
288,cm6,corn,modern,-0.0059999999999999915,fresh,elevated,1,0,NA
289,ca4,corn,ancestral,0.49533333333333335,fresh,ambient,0,3.362,7.27
290,cm9,corn,modern,0.49533333333333335,fresh,ambient,1,4.088,7.518
291,ca1,corn,ancestral,0.49533333333333335,fresh,ambient,1,3.392,8.429
292,cm1,corn,modern,0.49533333333333335,fresh,ambient,1,2.631,7.687
293,ca6,corn,ancestral,0.49533333333333335,fresh,ambient,0,4.536,9.214
294,ka5,kirkpatrick,ancestral,0.49533333333333335,fresh,ambient,0,3.091,6.4719999999999995
295,cm4,corn,modern,0.49533333333333335,fresh,ambient,0,2.1029999999999998,6.657
296,km3,kirkpatrick,modern,0.49533333333333335,fresh,ambient,0,2.8150000000000004,7.798
297,cm5,corn,modern,0.39033333333333337,fresh,ambient,1,7.317,11.38
298,ca9,corn,ancestral,0.39033333333333337,fresh,ambient,1,5.284,7.790000000000001
299,ca5,corn,ancestral,0.39033333333333337,fresh,ambient,0,6.209,12.513
300,cm8,corn,modern,0.39033333333333337,fresh,ambient,0,4.338,5.954000000000001
301,ca2,corn,ancestral,0.39033333333333337,fresh,ambient,1,4.992,13.08
302,b1,blackwater,modern,0.39033333333333337,fresh,ambient,0,6.9079999999999995,10.450000000000001
303,ka3,kirkpatrick,ancestral,0.39033333333333337,fresh,ambient,0,4.671,8.936
304,cm9,corn,modern,0.39033333333333337,fresh,ambient,0,8.317,13.444
305,km1,kirkpatrick,modern,0.2936666666666667,fresh,ambient,0,9.966999999999999,11.198
306,ca7,corn,ancestral,0.2936666666666667,fresh,ambient,0,12.66190353716211,14.722000000000001
307,cm10,corn,modern,0.2936666666666667,fresh,ambient,0,2.595228469116509,1.6119999999999999
308,b2,blackwater,modern,0.2936666666666667,fresh,ambient,0,7.78,8.834
309,cm3,corn,modern,0.2936666666666667,fresh,ambient,1,7.9750000000000005,9.658
310,ca6,corn,ancestral,0.2936666666666667,fresh,ambient,0,9.733027994330518,15.475
311,ka4,kirkpatrick,ancestral,0.2936666666666667,fresh,ambient,0,7.003,10.97
312,ca1,corn,ancestral,0.2936666666666667,fresh,ambient,1,8.323,11.772
313,cm6,corn,modern,0.198,fresh,ambient,0,9.25066461377161,8.578
314,cm3,corn,modern,0.198,fresh,ambient,0,0.007,0.084
315,ca8,corn,ancestral,0.198,fresh,ambient,1,0,NA
316,km2,kirkpatrick,modern,0.198,fresh,ambient,0,2.737,1.592
317,cm7,corn,modern,0.198,fresh,ambient,1,5.4156984096457474,5.263
318,cm4,corn,modern,0.198,fresh,ambient,1,0,0.767
319,b3,blackwater,modern,0.198,fresh,ambient,0,6.043,5.5920000000000005
320,ca10,corn,ancestral,0.198,fresh,ambient,0,1.495163591987926,1.006
321,ca3,corn,ancestral,0.09300000000000001,fresh,ambient,1,0,NA
322,cm2,corn,modern,0.09300000000000001,fresh,ambient,1,0,NA
323,ca7,corn,ancestral,0.09300000000000001,fresh,ambient,0,0,NA
324,km5,kirkpatrick,modern,0.09300000000000001,fresh,ambient,0,0,NA
325,cm1,corn,modern,0.09300000000000001,fresh,ambient,1,0.163,0.541
326,ca6,corn,ancestral,0.09300000000000001,fresh,ambient,0,0.225,0.64
327,ka1,kirkpatrick,ancestral,0.09300000000000001,fresh,ambient,0,0,NA
328,cm5,corn,modern,0.09300000000000001,fresh,ambient,0,0,NA
329,ka2,kirkpatrick,ancestral,-0.0049999999999999906,fresh,ambient,0,0,NA
330,ca3,corn,ancestral,-0.0049999999999999906,fresh,ambient,0,0,NA
331,ca5,corn,ancestral,-0.0049999999999999906,fresh,ambient,1,0,NA
332,cm8,corn,modern,-0.0049999999999999906,fresh,ambient,0,0,NA
333,ca4,corn,ancestral,-0.0049999999999999906,fresh,ambient,1,0,NA
334,km5,kirkpatrick,modern,-0.0049999999999999906,fresh,ambient,0,0,NA
335,cm4,corn,modern,-0.0049999999999999906,fresh,ambient,0,0,NA
336,cm4,corn,modern,-0.0049999999999999906,fresh,ambient,1,0,NA
337,ka4,kirkpatrick,ancestral,0.5316666666666666,salt,ambient,0,3.2689999999999997,6.8999999999999995
338,km2,kirkpatrick,modern,0.5316666666666666,salt,ambient,0,2.5370000000000004,4.1499999999999995
339,cm5,corn,modern,0.5316666666666666,salt,ambient,0,5,12.096
340,ca4,corn,ancestral,0.5316666666666666,salt,ambient,0,2.366,5.367
341,ca4,corn,ancestral,0.5316666666666666,salt,ambient,1,1.0070000000000001,5.236
342,ca1,corn,ancestral,0.5316666666666666,salt,ambient,0,3.0290000000000004,6.026999999999999
343,cm2,corn,modern,0.5316666666666666,salt,ambient,1,0.524,8.842
344,cm9,corn,modern,0.5316666666666666,salt,ambient,1,0.031,6.736
345,ca2,corn,ancestral,0.4283333333333333,salt,ambient,1,2.7680000000000002,8.719
346,ca10,corn,ancestral,0.4283333333333333,salt,ambient,1,1.4100000000000001,6.538
347,ca5,corn,ancestral,0.4283333333333333,salt,ambient,0,4.551,7.018
348,cm6,corn,modern,0.4283333333333333,salt,ambient,1,4.401,9.619
349,km3,kirkpatrick,modern,0.4283333333333333,salt,ambient,0,8.501,13.339
350,cm2,corn,modern,0.4283333333333333,salt,ambient,0,3.7640000000000002,9.368
351,ka3,kirkpatrick,ancestral,0.4283333333333333,salt,ambient,0,1.2469999999999999,1.367
352,cm8,corn,modern,0.4283333333333333,salt,ambient,0,1.2329999999999999,2.199
353,cm3,corn,modern,0.29599999999999993,salt,ambient,1,5.878,8.707
354,ca1,corn,ancestral,0.29599999999999993,salt,ambient,0,3.8441249200756946,6.854
355,ka5,kirkpatrick,ancestral,0.29599999999999993,salt,ambient,0,7.432,9.861
356,km6,kirkpatrick,modern,0.29599999999999993,salt,ambient,0,7.573,7.332
357,cm6,corn,modern,0.29599999999999993,salt,ambient,0,6.468220083724609,10.201
358,ca10,corn,ancestral,0.29599999999999993,salt,ambient,0,6.033930632790232,10.600999999999999
359,cm10,corn,modern,0.29599999999999993,salt,ambient,1,5.74,9.395
360,ca7,corn,ancestral,0.29599999999999993,salt,ambient,1,4.8549999999999995,8.955
361,cm10,corn,modern,0.18433333333333327,salt,ambient,0,0,NA
362,ca7,corn,ancestral,0.18433333333333327,salt,ambient,1,2.355,1.91
363,cm7,corn,modern,0.18433333333333327,salt,ambient,1,1.812,1.441
364,ca3,corn,ancestral,0.18433333333333327,salt,ambient,1,7.0409999999999995,6.144
365,ka1,kirkpatrick,ancestral,0.18433333333333327,salt,ambient,0,0.6849999999999999,0.582
366,b1,blackwater,modern,0.18433333333333327,salt,ambient,0,4.59,3.49
367,cm1,corn,modern,0.18433333333333327,salt,ambient,0,4.5700812392146855,4.51
368,ca4,corn,ancestral,0.18433333333333327,salt,ambient,0,4.998879995202814,6.4079999999999995
369,ca9,corn,ancestral,0.0806666666666666,salt,ambient,1,0,NA
370,km1,kirkpatrick,modern,0.0806666666666666,salt,ambient,0,0.91,0.749
371,cm4,corn,modern,0.0806666666666666,salt,ambient,1,0,NA
372,cm1,corn,modern,0.0806666666666666,salt,ambient,0,0,NA
373,b4,blackwater,modern,0.0806666666666666,salt,ambient,0,0,NA
374,cm8,corn,modern,0.0806666666666666,salt,ambient,0,0,NA
375,ca2,corn,ancestral,0.0806666666666666,salt,ambient,0,4.321,3.3120000000000003
376,ka2,kirkpatrick,ancestral,0.0806666666666666,salt,ambient,0,0,NA
377,cm4,corn,modern,-0.04266666666666674,salt,ambient,0,0,NA
378,b2,blackwater,modern,-0.04266666666666674,salt,ambient,0,0,NA
379,cm7,corn,modern,-0.04266666666666674,salt,ambient,0,0,NA
380,ca4,corn,ancestral,-0.04266666666666674,salt,ambient,1,0,NA
381,cm6,corn,modern,-0.04266666666666674,salt,ambient,0,0,NA
382,ca3,corn,ancestral,-0.04266666666666674,salt,ambient,1,0,NA
383,ca6,corn,ancestral,-0.04266666666666674,salt,ambient,1,0,NA
384,cm10,corn,modern,-0.04266666666666674,salt,ambient,0,0,NA
385,cm1,corn,modern,0.518,salt,elevated,0,1.306,2.08
386,ka1,kirkpatrick,ancestral,0.518,salt,elevated,0,1.288,1.6320000000000001
387,ca8,corn,ancestral,0.518,salt,elevated,1,1.416,5.43
388,cm9,corn,modern,0.518,salt,elevated,0,4.901,9.870000000000001
389,cm5,corn,modern,0.518,salt,elevated,1,2.098,11.622
390,ca5,corn,ancestral,0.518,salt,elevated,0,2.682,6.976999999999999
391,ca1,corn,ancestral,0.518,salt,elevated,1,0.779,4.267
392,b3,blackwater,modern,0.518,salt,elevated,0,3.387,8.975
393,ca10,corn,ancestral,0.41500000000000004,salt,elevated,0,0,NA
394,cm2,corn,modern,0.41500000000000004,salt,elevated,1,4.726,12.408000000000001
395,b2,blackwater,modern,0.41500000000000004,salt,elevated,0,3.145,6.501
396,ca2,corn,ancestral,0.41500000000000004,salt,elevated,0,4.318,10.445
397,ca6,corn,ancestral,0.41500000000000004,salt,elevated,1,4.918,12.061
398,km4,kirkpatrick,modern,0.41500000000000004,salt,elevated,0,3.24,4.841
399,cm10,corn,modern,0.41500000000000004,salt,elevated,1,0.994,5.372999999999999
400,cm6,corn,modern,0.41500000000000004,salt,elevated,0,4.890000000000001,6.477
401,cm5,corn,modern,0.29133333333333333,salt,elevated,0,6.331166663867616,11.296999999999999
402,km3,kirkpatrick,modern,0.29133333333333333,salt,elevated,0,7.075,11.647
403,cm4,corn,modern,0.29133333333333333,salt,elevated,1,3.6769999999999996,5.465
404,ca3,corn,ancestral,0.29133333333333333,salt,elevated,1,3.4619999999999997,5.203
405,ca10,corn,ancestral,0.29133333333333333,salt,elevated,1,6.635999999999999,10.626
406,ka2,kirkpatrick,ancestral,0.29133333333333333,salt,elevated,0,8.122,10.562
407,cm3,corn,modern,0.29133333333333333,salt,elevated,0,5.656724911183681,10.957
408,ca7,corn,ancestral,0.29133333333333333,salt,elevated,0,6.695269976180744,10.053
409,km5,kirkpatrick,modern,0.18133333333333335,salt,elevated,0,0,NA
410,ca4,corn,ancestral,0.18133333333333335,salt,elevated,0,5.1774319478556,6.175000000000001
411,ca1,corn,ancestral,0.18133333333333335,salt,elevated,0,0,NA
412,cm8,corn,modern,0.18133333333333335,salt,elevated,1,3.607,2.928
413,cm3,corn,modern,0.18133333333333335,salt,elevated,1,8.276,7.407
414,ka6,kirkpatrick,ancestral,0.18133333333333335,salt,elevated,0,10.395999999999999,12.771
415,cm6,corn,modern,0.18133333333333335,salt,elevated,0,10.255747825396927,8.811
416,ca7,corn,ancestral,0.18133333333333335,salt,elevated,1,11.347000000000001,13.922
1617,cm4,corn,modern,0.056333333333333346,salt,elevated,0,3.863,3.052
1618,cm8,corn,modern,0.056333333333333346,salt,elevated,1,0,NA
1619,ca8,corn,ancestral,0.056333333333333346,salt,elevated,1,0,NA
1620,km1,kirkpatrick,modern,0.056333333333333346,salt,elevated,0,0,NA
1621,b1,blackwater,modern,0.056333333333333346,salt,elevated,0,3.8499999999999996,2.5109999999999997
1622,ca4,corn,ancestral,0.056333333333333346,salt,elevated,1,0.992,0.507
1623,ka4,kirkpatrick,ancestral,0.056333333333333346,salt,elevated,0,0,NA
1624,ca6,corn,ancestral,0.056333333333333346,salt,elevated,0,7.696000000000001,8.804
1625,ca5,corn,ancestral,-0.06266666666666666,salt,elevated,1,0,NA
1626,km3,kirkpatrick,modern,-0.06266666666666666,salt,elevated,0,0,NA
1627,ca2,corn,ancestral,-0.06266666666666666,salt,elevated,0,0,NA
1628,cm5,corn,modern,-0.06266666666666666,salt,elevated,1,0,NA
1629,cm8,corn,modern,-0.06266666666666666,salt,elevated,0,0,NA
1630,b4,blackwater,modern,-0.06266666666666666,salt,elevated,0,0,NA
1631,ka5,kirkpatrick,ancestral,-0.06266666666666666,salt,elevated,0,0,NA
1632,cm2,corn,modern,-0.06266666666666666,salt,elevated,0,0,NA
1633,ca10,corn,ancestral,0.526,salt,ambient,1,0,3.1590000000000003
1634,ca3,corn,ancestral,0.526,salt,ambient,1,1.539,9.799
1635,cm1,corn,modern,0.526,salt,ambient,0,3.734,5.797
1636,cm10,corn,modern,0.526,salt,ambient,1,0.029,2.703
1637,ka5,kirkpatrick,ancestral,0.526,salt,ambient,0,1.4460000000000002,3.258
1638,ca10,corn,ancestral,0.526,salt,ambient,0,1.307,2.625
1639,cm7,corn,modern,0.526,salt,ambient,0,0.9099999999999999,2.5060000000000002
1640,km5,kirkpatrick,modern,0.526,salt,ambient,0,2.162,6.548
1641,cm9,corn,modern,0.41433333333333333,salt,ambient,1,6.555000000000001,12.327
1642,ca1,corn,ancestral,0.41433333333333333,salt,ambient,0,2.902,7.279999999999999
1643,cm5,corn,modern,0.41433333333333333,salt,ambient,0,4.373,7.869
1644,ca8,corn,ancestral,0.41433333333333333,salt,ambient,1,3.573,6.898
1645,cm2,corn,modern,0.41433333333333333,salt,ambient,1,3.0749999999999997,6.969
1646,b4,blackwater,modern,0.41433333333333333,salt,ambient,0,2.375,4.5280000000000005
1647,ka2,kirkpatrick,ancestral,0.41433333333333333,salt,ambient,0,4.306,5.976
1648,ca10,corn,ancestral,0.41433333333333333,salt,ambient,0,3.359,7.475
1649,ca4,corn,ancestral,0.2945,salt,ambient,1,4.077,5.666
1650,km2,kirkpatrick,modern,0.2945,salt,ambient,0,8.388,12.44
1651,cm8,corn,modern,0.2945,salt,ambient,1,0,2.18
1652,b1,blackwater,modern,0.2945,salt,ambient,0,6.4430000000000005,9.442
1653,ca5,corn,ancestral,0.2945,salt,ambient,0,6.830712738661172,11.079
1654,cm1,corn,modern,0.2945,salt,ambient,0,6.222789065390584,9.357
1655,ca2,corn,ancestral,0.2945,salt,ambient,1,6.052,10.828
1656,ka1,kirkpatrick,ancestral,0.2945,salt,ambient,0,4.2620000000000005,5.271999999999999
1657,cm4,corn,modern,0.18316666666666664,salt,ambient,1,4.348000000000001,5.217
1658,cm8,corn,modern,0.18316666666666664,salt,ambient,1,1.107,0.987
1659,cm3,corn,modern,0.18316666666666664,salt,ambient,0,4.740466403727887,3.641
1660,km3,kirkpatrick,modern,0.18316666666666664,salt,ambient,0,3.847,2.474
1661,cm6,corn,modern,0.18316666666666664,salt,ambient,0,8.996387490733722,6.7669999999999995
1662,b3,blackwater,modern,0.18316666666666664,salt,ambient,0,5.9079999999999995,3.302
1663,ca4,corn,ancestral,0.18316666666666664,salt,ambient,1,5.125,5.026
1664,ca2,corn,ancestral,0.18316666666666664,salt,ambient,0,8.460132964325748,7.768
1665,ca6,corn,ancestral,0.05749999999999997,salt,ambient,1,5.836,5.465
1666,cm7,corn,modern,0.05749999999999997,salt,ambient,1,0,NA
1667,ca10,corn,ancestral,0.05749999999999997,salt,ambient,1,0,NA
1668,km6,kirkpatrick,modern,0.05749999999999997,salt,ambient,0,0,NA
1669,ca5,corn,ancestral,0.05749999999999997,salt,ambient,0,0,NA
1670,ka4,kirkpatrick,ancestral,0.05749999999999997,salt,ambient,0,0,NA
1671,cm3,corn,modern,0.05749999999999997,salt,ambient,0,0,NA
1672,cm9,corn,modern,0.05749999999999997,salt,ambient,0,0,NA
1673,ca4,corn,ancestral,-0.0611666666666667,salt,ambient,1,0,NA
1674,ca10,corn,ancestral,-0.0611666666666667,salt,ambient,0,0,NA
1675,cm4,corn,modern,-0.0611666666666667,salt,ambient,1,0,NA
1676,km1,kirkpatrick,modern,-0.0611666666666667,salt,ambient,0,0,NA
1677,cm4,corn,modern,-0.0611666666666667,salt,ambient,1,0,NA
1678,ka5,kirkpatrick,ancestral,-0.0611666666666667,salt,ambient,0,0,NA
1679,ca1,corn,ancestral,-0.0611666666666667,salt,ambient,0,0,NA
1680,cm5,corn,modern,-0.0611666666666667,salt,ambient,0,0,NA
1681,cm4,corn,modern,0.516,salt,elevated,1,2.392,7.846
1682,ca6,corn,ancestral,0.516,salt,elevated,1,1.9369999999999998,8.398
1683,ka2,kirkpatrick,ancestral,0.516,salt,elevated,1,5.662000000000001,13.451
1684,cm3,corn,modern,0.516,salt,elevated,0,2.9650000000000003,6.392
1685,cm7,corn,modern,0.516,salt,elevated,0,1.175,2.363
1686,km3,kirkpatrick,modern,0.516,salt,elevated,0,5.415,9.099
1687,b2,blackwater,modern,0.516,salt,elevated,0,4.005,6.9910000000000005
1688,ca2,corn,ancestral,0.516,salt,elevated,0,4.898,14.609
1689,ca5,corn,ancestral,0.4088333333333334,salt,elevated,0,6.703,12.394
1690,cm10,corn,modern,0.4088333333333334,salt,elevated,0,2.612,2.7560000000000002
1691,cm5,corn,modern,0.4088333333333334,salt,elevated,0,5.083,9.886
1692,ca7,corn,ancestral,0.4088333333333334,salt,elevated,1,3.1310000000000002,7.987
1693,b2,blackwater,modern,0.4088333333333334,salt,elevated,0,2.439,2.963
1694,ca1,corn,ancestral,0.4088333333333334,salt,elevated,1,5.947,6.42
1695,km2,kirkpatrick,modern,0.4088333333333334,salt,elevated,0,8.142999999999999,12.622
1696,ka1,kirkpatrick,ancestral,0.4088333333333334,salt,elevated,0,0,NA
1697,ca4,corn,ancestral,0.2871666666666667,salt,elevated,1,1.127,2.605
1698,ka4,kirkpatrick,ancestral,0.2871666666666667,salt,elevated,0,7.809,13.408999999999999
1699,b3,blackwater,modern,0.2871666666666667,salt,elevated,0,7.748,10.805000000000001
1700,ca4,corn,ancestral,0.2871666666666667,salt,elevated,0,8.005502665766347,NA
1801,ca10,corn,ancestral,0.2871666666666667,salt,elevated,0,2.6544279105343427,2.589
1802,cm8,corn,modern,0.2871666666666667,salt,elevated,0,6.571682193118171,12.385
1803,cm2,corn,modern,0.2871666666666667,salt,elevated,1,0,3.4290000000000003
1804,cm9,corn,modern,0.2871666666666667,salt,elevated,1,7.386,11.895000000000001
1805,km1,kirkpatrick,modern,0.1761666666666667,salt,elevated,0,3.018,3.0429999999999997
1806,ca3,corn,ancestral,0.1761666666666667,salt,elevated,0,9.731856244968519,8.68
1807,ca2,corn,ancestral,0.1761666666666667,salt,elevated,1,5.622,7.035
1808,b2,blackwater,modern,0.1761666666666667,salt,elevated,0,8.369,9.29
1809,cm10,corn,modern,0.1761666666666667,salt,elevated,0,0,NA
1810,ca5,corn,ancestral,0.1761666666666667,salt,elevated,1,8.482000000000001,8.217
1811,cm2,corn,modern,0.1761666666666667,salt,elevated,0,7.940334759186548,10.161999999999999
1812,cm5,corn,modern,0.1761666666666667,salt,elevated,1,2.642,2.3770000000000002
1813,cm6,corn,modern,0.06950000000000003,salt,elevated,0,6.625,4.693
1814,ca3,corn,ancestral,0.06950000000000003,salt,elevated,0,0,NA
1815,cm1,corn,modern,0.06950000000000003,salt,elevated,1,3.348,2.6260000000000003
1816,km2,kirkpatrick,modern,0.06950000000000003,salt,elevated,0,4.234,2.999
1817,ca9,corn,ancestral,0.06950000000000003,salt,elevated,0,0,NA
1818,ca7,corn,ancestral,0.06950000000000003,salt,elevated,1,7.035,5.869
1819,ka5,kirkpatrick,ancestral,0.06950000000000003,salt,elevated,0,0,NA
1820,cm9,corn,modern,0.06950000000000003,salt,elevated,1,0,NA
1821,b2,blackwater,modern,-0.043833333333333294,salt,elevated,0,0,NA
1822,cm7,corn,modern,-0.043833333333333294,salt,elevated,1,0,NA
1823,cm10,corn,modern,-0.043833333333333294,salt,elevated,0,0,NA
1824,cm4,corn,modern,-0.043833333333333294,salt,elevated,0,0,NA
1825,ca10,corn,ancestral,-0.043833333333333294,salt,elevated,1,0,NA
1826,ca4,corn,ancestral,-0.043833333333333294,salt,elevated,0,0,NA
1827,ca10,corn,ancestral,-0.043833333333333294,salt,elevated,1,0,NA
1828,ka3,kirkpatrick,ancestral,-0.043833333333333294,salt,elevated,0,0,NA
1829,cm8,corn,modern,0.5263333333333333,salt,elevated,0,0,NA
1830,ca7,corn,ancestral,0.5263333333333333,salt,elevated,0,0.721,1.239
1831,km6,kirkpatrick,modern,0.5263333333333333,salt,elevated,0,0,NA
1832,cm10,corn,modern,0.5263333333333333,salt,elevated,0,2.993,9.693
1833,cm6,corn,modern,0.5263333333333333,salt,elevated,1,0.4,7.287
1834,ca3,corn,ancestral,0.5263333333333333,salt,elevated,1,1.181,6.013
1835,ka5,kirkpatrick,ancestral,0.5263333333333333,salt,elevated,0,4.0200000000000005,13.49
1836,ca4,corn,ancestral,0.5263333333333333,salt,elevated,1,0.569,6.367
1837,ca10,corn,ancestral,0.4106666666666666,salt,elevated,0,3.9120000000000004,9.706
1838,km5,kirkpatrick,modern,0.4106666666666666,salt,elevated,0,2.632,6.275
1839,cm7,corn,modern,0.4106666666666666,salt,elevated,0,2.678,5.644
1840,ca4,corn,ancestral,0.4106666666666666,salt,elevated,0,4.912,12.908000000000001
1841,cm8,corn,modern,0.4106666666666666,salt,elevated,1,1.8199999999999998,5.534
1842,ka6,kirkpatrick,ancestral,0.4106666666666666,salt,elevated,0,5.502,9.652999999999999
1843,ca8,corn,ancestral,0.4106666666666666,salt,elevated,1,3.677,7.591
1844,cm4,corn,modern,0.4106666666666666,salt,elevated,1,2.052,8.354
1845,km6,kirkpatrick,modern,0.2756666666666666,salt,elevated,0,8.674,10.671
1846,b2,blackwater,modern,0.2756666666666666,salt,elevated,0,6.263,8.704
1847,ca1,corn,ancestral,0.2756666666666666,salt,elevated,1,5.529000000000001,13.664
1848,ka6,kirkpatrick,ancestral,0.2756666666666666,salt,elevated,0,5.64,8.098
1849,cm4,corn,modern,0.2756666666666666,salt,elevated,0,5.13715501180797,10.658999999999999
1850,cm4,corn,modern,0.2756666666666666,salt,elevated,1,0.6880000000000001,4.727
1851,ca5,corn,ancestral,0.2756666666666666,salt,elevated,0,10.411232079255262,14.503
1852,ca2,corn,ancestral,0.2756666666666666,salt,elevated,1,11.56,20.89
1853,cm1,corn,modern,0.15633333333333327,salt,elevated,0,3.433417341337586,4.2219999999999995
1854,ca6,corn,ancestral,0.15633333333333327,salt,elevated,1,0,NA
1855,ca10,corn,ancestral,0.15633333333333327,salt,elevated,0,0,NA
1856,ka2,kirkpatrick,ancestral,0.15633333333333327,salt,elevated,0,7.501,5.998
1857,km3,kirkpatrick,modern,0.15633333333333327,salt,elevated,0,0,NA
1858,cm10,corn,modern,0.15633333333333327,salt,elevated,1,0,NA
1859,cm7,corn,modern,0.15633333333333327,salt,elevated,0,0,NA
1860,ca4,corn,ancestral,0.15633333333333327,salt,elevated,0,9.915336586216004,10.964
1861,km3,kirkpatrick,modern,0.026333333333333264,salt,elevated,0,0,NA
1862,ca5,corn,ancestral,0.026333333333333264,salt,elevated,0,0,NA
1863,cm3,corn,modern,0.026333333333333264,salt,elevated,0,0,0.069
1864,cm4,corn,modern,0.026333333333333264,salt,elevated,1,0,NA
1865,cm10,corn,modern,0.026333333333333264,salt,elevated,0,0,NA
1866,ca1,corn,ancestral,0.026333333333333264,salt,elevated,1,0,NA
1867,ca10,corn,ancestral,0.026333333333333264,salt,elevated,1,0,NA
1868,b3,blackwater,modern,0.026333333333333264,salt,elevated,0,0,NA
1869,cm6,corn,modern,-0.08266666666666674,salt,elevated,0,0,NA
1870,ka4,kirkpatrick,ancestral,-0.08266666666666674,salt,elevated,0,0,NA
1871,cm10,corn,modern,-0.08266666666666674,salt,elevated,1,0,NA
1872,ca4,corn,ancestral,-0.08266666666666674,salt,elevated,0,0,NA
1873,cm3,corn,modern,-0.08266666666666674,salt,elevated,1,0,NA
1874,b1,blackwater,modern,-0.08266666666666674,salt,elevated,0,0,NA
1875,ca3,corn,ancestral,-0.08266666666666674,salt,elevated,0,0.108,0.865
1876,ca6,corn,ancestral,-0.08266666666666674,salt,elevated,1,0,NA
1877,km3,kirkpatrick,modern,0.5443333333333333,salt,ambient,0,3.979,7.16
1878,cm10,corn,modern,0.5443333333333333,salt,ambient,0,0,NA
1879,cm1,corn,modern,0.5443333333333333,salt,ambient,1,1.883,5.632
1880,b2,blackwater,modern,0.5443333333333333,salt,ambient,0,2.177,3.95
1881,cm4,corn,modern,0.5443333333333333,salt,ambient,1,0.356,8.072
1882,ca4,corn,ancestral,0.5443333333333333,salt,ambient,1,0.281,5.636
1883,ka5,kirkpatrick,ancestral,0.5443333333333333,salt,ambient,0,0,NA
1884,ca6,corn,ancestral,0.5443333333333333,salt,ambient,0,1.751,4.862
1885,ca7,corn,ancestral,0.43666666666666665,salt,ambient,1,1.916,NA
1886,cm4,corn,modern,0.43666666666666665,salt,ambient,0,2.4050000000000002,6.62
1887,ca10,corn,ancestral,0.43666666666666665,salt,ambient,0,5.1819999999999995,9.633
1888,ka5,kirkpatrick,ancestral,0.43666666666666665,salt,ambient,0,3.878,9.734
1889,km4,kirkpatrick,modern,0.43666666666666665,salt,ambient,0,4.993,10.172
1890,cm3,corn,modern,0.43666666666666665,salt,ambient,1,1.8439999999999999,2.745
1891,ca4,corn,ancestral,0.43666666666666665,salt,ambient,0,2.006,5.807
1892,cm5,corn,modern,0.43666666666666665,salt,ambient,1,1.649,6.109
1893,km1,kirkpatrick,modern,0.29866666666666664,salt,ambient,0,0,NA
1894,cm7,corn,modern,0.29866666666666664,salt,ambient,0,2.521976854126786,3.755
1895,cm5,corn,modern,0.29866666666666664,salt,ambient,1,5.497,7.053
1896,ca3,corn,ancestral,0.29866666666666664,salt,ambient,1,3.5789999999999997,9.205
1897,ca9,corn,ancestral,0.29866666666666664,salt,ambient,1,0.855,3.9280000000000004
1898,cm4,corn,modern,0.29866666666666664,salt,ambient,0,4.875989559312742,7.267
1899,ca6,corn,ancestral,0.29866666666666664,salt,ambient,0,6.071873897720315,9.49
1930,ka4,kirkpatrick,ancestral,0.29866666666666664,salt,ambient,0,8.26,14.84
1931,cm3,corn,modern,0.1853333333333333,salt,ambient,1,0.48500000000000004,0.5619999999999999
1932,cm6,corn,modern,0.1853333333333333,salt,ambient,0,3.748231011348012,3.78
1933,cm2,corn,modern,0.1853333333333333,salt,ambient,1,7.122999999999999,5.957999999999999
1934,b4,blackwater,modern,0.1853333333333333,salt,ambient,0,0.821,1.4669999999999999
1935,ca5,corn,ancestral,0.1853333333333333,salt,ambient,1,7.932,9.578
1936,ca1,corn,ancestral,0.1853333333333333,salt,ambient,0,0.047,0.371
1937,km6,kirkpatrick,modern,0.1853333333333333,salt,ambient,0,10.32,9.011
1938,ca10,corn,ancestral,0.1853333333333333,salt,ambient,0,5.479196379070829,4.939
1939,km2,kirkpatrick,modern,0.06733333333333329,salt,ambient,0,0,0.155
1940,ca1,corn,ancestral,0.06733333333333329,salt,ambient,1,0,NA
1941,cm6,corn,modern,0.06733333333333329,salt,ambient,0,0,NA
1942,cm3,corn,modern,0.06733333333333329,salt,ambient,0,0,NA
1943,ca7,corn,ancestral,0.06733333333333329,salt,ambient,1,0,NA
1944,cm5,corn,modern,0.06733333333333329,salt,ambient,1,0.767,1.865
1945,ka6,kirkpatrick,ancestral,-0.042333333333333376,salt,ambient,0,0,NA
1946,ca8,corn,ancestral,-0.042333333333333376,salt,ambient,0,0,NA
1947,b3,blackwater,modern,-0.042333333333333376,salt,ambient,0,0,NA
1948,cm2,corn,modern,-0.042333333333333376,salt,ambient,1,0,NA
1949,cm9,corn,modern,-0.042333333333333376,salt,ambient,0,0,NA
1950,ca3,corn,ancestral,-0.042333333333333376,salt,ambient,0,0,NA
1951,km5,kirkpatrick,modern,-0.042333333333333376,salt,ambient,0,0,NA
1952,ca5,corn,ancestral,-0.042333333333333376,salt,ambient,1,0,NA
1953,ca10,corn,ancestral,0.5076666666666667,salt,ambient,0,4.704,12.681000000000001
1954,cm3,corn,modern,0.5076666666666667,salt,ambient,1,1.2049999999999998,4.9159999999999995
1955,cm4,corn,modern,0.5076666666666667,salt,ambient,0,0.592,1.254
1956,km1,kirkpatrick,modern,0.5076666666666667,salt,ambient,0,4.541,10.053
1957,ca7,corn,ancestral,0.5076666666666667,salt,ambient,1,2.984,8.234
1958,b2,blackwater,modern,0.5076666666666667,salt,ambient,0,0,NA
1959,ca5,corn,ancestral,0.5076666666666667,salt,ambient,0,0.912,1.958
1960,b1,blackwater,modern,0.5076666666666667,salt,ambient,0,5.631,9.886
1961,b3,blackwater,modern,0.4016666666666667,salt,ambient,0,3.451,8.324
1962,cm1,corn,modern,0.4016666666666667,salt,ambient,0,8.777000000000001,11.658
1963,ca6,corn,ancestral,0.4016666666666667,salt,ambient,0,3.953,8.850999999999999
1964,cm7,corn,modern,0.4016666666666667,salt,ambient,0,3.307,6.712
1965,ca3,corn,ancestral,0.4016666666666667,salt,ambient,1,2.9099999999999997,7.301
1966,km2,kirkpatrick,modern,0.4016666666666667,salt,ambient,0,4.047000000000001,6.931
1967,cm10,corn,modern,0.4016666666666667,salt,ambient,1,0,2.108
1968,ca9,corn,ancestral,0.4016666666666667,salt,ambient,1,1.279,4.823
1969,b4,blackwater,modern,0.30266666666666675,salt,ambient,0,6.924,11.006
1970,cm2,corn,modern,0.30266666666666675,salt,ambient,1,0,2.653
1971,cm5,corn,modern,0.30266666666666675,salt,ambient,0,11.684914994551553,14.337
1972,km5,kirkpatrick,modern,0.30266666666666675,salt,ambient,0,7.854,13.281
1973,cm9,corn,modern,0.30266666666666675,salt,ambient,1,4.5169999999999995,13.716000000000001
1974,ca7,corn,ancestral,0.30266666666666675,salt,ambient,0,13.264428704998746,20.406
1975,ka2,kirkpatrick,ancestral,0.30266666666666675,salt,ambient,0,0,NA
1976,ca4,corn,ancestral,0.30266666666666675,salt,ambient,1,6.188000000000001,11.754999999999999
1977,ca6,corn,ancestral,0.2010000000000001,salt,ambient,0,5.06382161226051,7.957999999999999
1978,ca4,corn,ancestral,0.2010000000000001,salt,ambient,1,2.004,2.5300000000000002
1979,cm5,corn,modern,0.2010000000000001,salt,ambient,0,7.7961267817614885,7.003
1980,cm6,corn,modern,0.2010000000000001,salt,ambient,1,11.676,14.794
1981,ca8,corn,ancestral,0.2010000000000001,salt,ambient,1,11.263,12.168000000000001
1982,km3,kirkpatrick,modern,0.2010000000000001,salt,ambient,0,8.626999999999999,10.876999999999999
1983,cm9,corn,modern,0.2010000000000001,salt,ambient,0,9.326175407628375,14.41
1984,ka4,kirkpatrick,ancestral,0.2010000000000001,salt,ambient,0,0,NA
1985,ca10,corn,ancestral,0.08366666666666676,salt,ambient,0,0,NA
1986,ka6,kirkpatrick,ancestral,0.08366666666666676,salt,ambient,0,2.42,1.49
1987,cm2,corn,modern,0.08366666666666676,salt,ambient,1,1.117,0.859
1988,b2,blackwater,modern,0.08366666666666676,salt,ambient,0,0,NA
1989,cm10,corn,modern,0.08366666666666676,salt,ambient,0,3.4419999999999997,1.952
1990,cm4,corn,modern,0.08366666666666676,salt,ambient,1,5.678,6.181
1991,ca6,corn,ancestral,0.08366666666666676,salt,ambient,1,4.763,4.804
1992,ca4,corn,ancestral,0.08366666666666676,salt,ambient,0,2.9379999999999997,2.718
1993,cm8,corn,modern,-0.014666666666666564,salt,ambient,1,0,NA
1994,cm10,corn,modern,-0.014666666666666564,salt,ambient,0,0,NA
1995,cm1,corn,modern,-0.014666666666666564,salt,ambient,0,0,NA
1996,ca7,corn,ancestral,-0.014666666666666564,salt,ambient,0,2.827,1.7120000000000002
1997,ca10,corn,ancestral,-0.014666666666666564,salt,ambient,1,0,NA
1998,ca2,corn,ancestral,-0.014666666666666564,salt,ambient,1,0.975,0.798
1999,ka3,kirkpatrick,ancestral,-0.014666666666666564,salt,ambient,0,0,NA
2000,km5,kirkpatrick,modern,-0.014666666666666564,salt,ambient,0,0,NA
